file_name,title,shot,kmeans_cluster,hdbscan_cluster,hdbscan_membership_prob
SG112553.JPEG,사랑을 피하여,ms_trg,7,0,1.0
SD105108.JPEG,오세영 창작 극화 시리즈,cu_trg,2,-1,0.0
SG112538.JPEG,사랑을 피하여,cu_trg,7,0,1.0
SR085269.JPEG,포근한 그 남자,ms_trg,16,0,1.0
SE084667.JPEG,다정종합병원,cu_trg,5,0,1.0
SR146760.JPEG,환생소녀,ms_trg,1,0,1.0
SR108679.JPEG,강도하 청춘 시리즈,cu_trg,5,0,1.0
SD082253.JPEG,몽홀,cu_trg,17,-1,0.0
SG064534.JPEG,40억 vs 1,ms_trg,16,0,1.0
SG149373.JPEG,심술100단 시리즈,fs_trg,15,0,0.968916321052021
SG178172.JPEG,전학생은 외계인,ms_trg,6,-1,0.0
SR119264.JPEG,악녀로 살라신다,ms_trg,1,0,1.0
SR108798.JPEG,강도하 청춘 시리즈,cu_trg,12,-1,0.0
SR119350.JPEG,악녀로 살라신다,ms_trg,1,0,1.0
SD068521.JPEG,이현세 극화시리즈,cu_trg,3,0,0.9907833726193417
SR085555.JPEG,포근한 그 남자,ms_trg,16,0,1.0
SG149086.JPEG,심술100단 시리즈,fs_trg,15,0,1.0
SG117920.JPEG,어느날 절친이 남자가 되어버렸다,ms_trg,16,0,1.0
SD073361.JPEG,면사포를 쓰고픈 남자,ms_trg,5,-1,0.0
SR108605.JPEG,강도하 청춘 시리즈,ms_trg,10,0,1.0
SD105208.JPEG,오세영 창작 극화 시리즈,ms_trg,2,-1,0.0
SR108038.JPEG,신농사직설,cu_trg,14,0,1.0
SG149299.JPEG,심술100단 시리즈,ms_trg,15,0,1.0
SR102029.JPEG,떨림,ms_trg,17,-1,0.0
SR102125.JPEG,떨림,ms_trg,11,0,1.0
SD082746.JPEG,몽홀,cu_trg,3,0,1.0
SD073077.JPEG,면사포를 쓰고픈 남자,ms_trg,14,0,1.0
SD072885.JPEG,상자 속 1/36,ms_trg,1,0,1.0
SR118417.JPEG,악녀에게 의리가 어디 있어,ms_trg,9,0,1.0
SD104779.JPEG,오세영 창작 극화 시리즈,fs_trg,13,-1,0.0
SR107592.JPEG,내 최애가 위험해,fs_trg,13,-1,0.0
SR074166.JPEG,실신남녀,cu_trg,1,0,1.0
SD068826.JPEG,이현세 극화시리즈,ms_trg,17,-1,0.0
SG117977.JPEG,어느날 절친이 남자가 되어버렸다,ms_trg,16,0,1.0
SG117899.JPEG,어느날 절친이 남자가 되어버렸다,cu_trg,7,0,1.0
SR089797.JPEG,고삼무쌍,ms_trg,18,-1,0.0
SR108472.JPEG,강도하 청춘 시리즈,ms_trg,14,0,1.0
SR119318.JPEG,악녀로 살라신다,ms_trg,9,0,1.0
SG171966.JPEG,야수,cu_trg,19,0,1.0
SG112924.JPEG,사랑을 피하여,ms_trg,7,0,1.0
SR122826.JPEG,붉은실 월하,ms_trg,9,0,1.0
SR108482.JPEG,강도하 청춘 시리즈,ms_trg,5,0,0.9983989424923335
SR119499.JPEG,악녀로 살라신다,ms_trg,9,0,1.0
SG171828.JPEG,야수,cu_trg,19,0,1.0
SR147038.JPEG,환생소녀,ms_trg,16,0,1.0
SD072457.JPEG,상자 속 1/36,cu_trg,1,0,1.0
SR122309.JPEG,베이비 드래곤,cu_trg,12,-1,0.0
SG148579.JPEG,심술100단 시리즈,ms_trg,12,-1,0.0
SD068655.JPEG,이현세 극화시리즈,cu_trg,17,-1,0.0
SG171271.JPEG,야수,fs_trg,0,-1,0.0
SD082724.JPEG,몽홀,ms_trg,3,0,1.0
SR119332.JPEG,악녀로 살라신다,ms_trg,9,0,1.0
SG178409.JPEG,전학생은 외계인,ms_trg,6,0,1.0
SG112487.JPEG,사랑을 피하여,ms_trg,7,0,1.0
SG178002.JPEG,전학생은 외계인,cu_trg,3,0,1.0
SR102077.JPEG,떨림,cu_trg,17,0,1.0
SR123042.JPEG,붉은실 월하,cu_trg,16,0,1.0
SR102231.JPEG,떨림,cu_trg,11,0,1.0
SG112879.JPEG,사랑을 피하여,ms_trg,7,0,1.0
SR122699.JPEG,붉은실 월하,cu_trg,16,0,1.0
SD105146.JPEG,오세영 창작 극화 시리즈,cu_trg,3,-1,0.0
SG112881.JPEG,사랑을 피하여,cu_trg,7,0,1.0
SG149214.JPEG,심술100단 시리즈,fs_trg,15,0,1.0
SR108807.JPEG,강도하 청춘 시리즈,ms_trg,2,-1,0.0
SD105126.JPEG,오세영 창작 극화 시리즈,ms_trg,2,-1,0.0
SR123107.JPEG,붉은실 월하,ms_trg,16,0,1.0
SD114804.JPEG,여기사는 더 이상 검을 들지 않았다,ms_trg,18,0,1.0
SD134362.JPEG,만인지상,cu_trg,17,0,1.0
SD129514.JPEG,편지창조,cu_trg,5,-1,0.0
SD127363.JPEG,너에게 하고 싶은 말,ms_trg,18,-1,0.0
SR082000.JPEG,청소하실 레옹?,ms_trg,4,0,1.0
SR102013.JPEG,떨림,ms_trg,18,-1,0.0
SR146904.JPEG,환생소녀,ms_trg,16,0,1.0
SR108141.JPEG,신농사직설,ms_trg,7,0,1.0
SG170942.JPEG,야수,cu_trg,19,0,0.9922637839573469
SR119716.JPEG,악녀로 살라신다,ms_trg,9,0,1.0
SR107426.JPEG,내 최애가 위험해,ms_trg,16,-1,0.0
SR085361.JPEG,포근한 그 남자,ms_trg,16,0,1.0
SR102201.JPEG,떨림,ms_trg,14,-1,0.0
SD127514.JPEG,너에게 하고 싶은 말,ms_trg,16,0,1.0
SR102468.JPEG,떨림,cu_trg,17,0,1.0
SR119700.JPEG,악녀로 살라신다,ms_trg,9,0,1.0
SD104992.JPEG,오세영 창작 극화 시리즈,ms_trg,19,0,0.9805374615414221
SR123167.JPEG,붉은실 월하,ms_trg,1,0,1.0
SR119405.JPEG,악녀로 살라신다,cu_trg,14,0,1.0
SG171433.JPEG,야수,cu_trg,14,0,1.0
SG178133.JPEG,전학생은 외계인,ms_trg,5,-1,0.0
SR077874.JPEG,오빠야 누나야,ms_trg,4,0,1.0
SD129162.JPEG,편지창조,ms_trg,5,-1,0.0
SD105188.JPEG,오세영 창작 극화 시리즈,ms_trg,2,-1,0.0
SR119435.JPEG,악녀로 살라신다,ms_trg,9,0,1.0
SR089734.JPEG,고삼무쌍,ms_trg,19,0,1.0
SR108683.JPEG,강도하 청춘 시리즈,ms_trg,10,-1,0.0
SD092382.JPEG,마이 러블리 투투,ms_trg,10,-1,0.0
SD067899.JPEG,임꺽정 (완전판),cu_trg,3,0,1.0
SR113244.JPEG,상아,cu_trg,14,0,1.0
SR122813.JPEG,붉은실 월하,cu_trg,16,0,1.0
SR089185.JPEG,고삼무쌍,ms_trg,17,0,0.9975070575061262
SR123128.JPEG,붉은실 월하,ms_trg,18,0,1.0
SR102105.JPEG,떨림,cu_trg,17,0,1.0
SD127447.JPEG,너에게 하고 싶은 말,ms_trg,18,-1,0.0
SG124341.JPEG,잉어님과 떡볶이,ms_trg,3,0,0.9609425688423284
SR074008.JPEG,실신남녀,ms_trg,4,0,1.0
SG148969.JPEG,심술100단 시리즈,fs_trg,15,0,1.0
SD082751.JPEG,몽홀,cu_trg,3,0,1.0
SD082731.JPEG,몽홀,ms_trg,3,0,0.9624818146896399
SR102479.JPEG,떨림,ms_trg,11,0,1.0
SD127289.JPEG,너에게 하고 싶은 말,ms_trg,1,0,1.0
SR102310.JPEG,떨림,ms_trg,17,0,1.0
SG064435.JPEG,40억 vs 1,fs_trg,10,-1,0.0
SD068666.JPEG,이현세 극화시리즈,ms_trg,2,-1,0.0
SD127660.JPEG,너에게 하고 싶은 말,ms_trg,18,-1,0.0
SD114917.JPEG,여기사는 더 이상 검을 들지 않았다,fs_trg,13,-1,0.0
SR108130.JPEG,신농사직설,ms_trg,14,-1,0.0
SG148644.JPEG,심술100단 시리즈,ms_trg,15,-1,0.0
SR146764.JPEG,환생소녀,ms_trg,7,0,1.0
SD127428.JPEG,너에게 하고 싶은 말,ms_trg,18,0,1.0
SG112837.JPEG,사랑을 피하여,ms_trg,7,0,1.0
SD082703.JPEG,몽홀,ms_trg,3,0,0.9698900945627259
SR077504.JPEG,오빠야 누나야,ms_trg,4,0,1.0
SR108468.JPEG,강도하 청춘 시리즈,ms_trg,4,0,1.0
SR077469.JPEG,오빠야 누나야,cu_trg,1,0,1.0
SD114760.JPEG,여기사는 더 이상 검을 들지 않았다,ms_trg,9,0,1.0
SG148689.JPEG,심술100단 시리즈,fs_trg,15,0,1.0
SD068499.JPEG,이현세 극화시리즈,cu_trg,19,-1,0.0
SR073920.JPEG,실신남녀,ms_trg,1,0,1.0
SR118459.JPEG,악녀에게 의리가 어디 있어,ms_trg,9,0,1.0
SR089200.JPEG,고삼무쌍,ms_trg,12,-1,0.0
SD082725.JPEG,몽홀,cu_trg,3,0,1.0
SD127756.JPEG,너에게 하고 싶은 말,ms_trg,5,-1,0.0
SG117853.JPEG,어느날 절친이 남자가 되어버렸다,ms_trg,4,0,1.0
SR119722.JPEG,악녀로 살라신다,ms_trg,9,0,1.0
SG117599.JPEG,어느날 절친이 남자가 되어버렸다,ms_trg,4,0,1.0
SD104984.JPEG,오세영 창작 극화 시리즈,ms_trg,3,-1,0.0
SG171373.JPEG,야수,ms_trg,13,-1,0.0
SD119143.JPEG,낙인의 플레인워커,cu_trg,11,0,1.0
SR077899.JPEG,오빠야 누나야,ms_trg,14,0,1.0
SD082715.JPEG,몽홀,cu_trg,3,0,1.0
SR102087.JPEG,떨림,ms_trg,13,0,0.9563734250551327
SR085275.JPEG,포근한 그 남자,cu_trg,7,0,1.0
SR102327.JPEG,떨림,ms_trg,17,0,1.0
SG171748.JPEG,야수,ms_trg,19,0,1.0
SR108486.JPEG,강도하 청춘 시리즈,fs_trg,10,0,1.0
SG171865.JPEG,야수,cu_trg,19,0,1.0
SD127330.JPEG,너에게 하고 싶은 말,ms_trg,10,-1,0.0
SR085407.JPEG,포근한 그 남자,ms_trg,4,0,1.0
SD091716.JPEG,관계의 우로보로스,ms_trg,16,0,1.0
SD092633.JPEG,마이 러블리 투투,ms_trg,14,0,1.0
SR146731.JPEG,환생소녀,ms_trg,16,0,1.0
SR073693.JPEG,실신남녀,ms_trg,1,0,1.0
SD134555.JPEG,만인지상,cu_trg,19,0,0.9850170731236557
SD068343.JPEG,임꺽정 (완전판),ms_trg,10,-1,0.0
SG112417.JPEG,사랑을 피하여,cu_trg,7,0,1.0
SR115514.JPEG,엘리트 공주님의 수석지침서,ms_trg,9,0,0.9883013337638333
SR089730.JPEG,고삼무쌍,ms_trg,17,-1,0.0
SR102489.JPEG,떨림,ms_trg,11,0,1.0
SR146758.JPEG,환생소녀,ms_trg,4,0,1.0
SD072915.JPEG,상자 속 1/36,ms_trg,16,0,1.0
SR102162.JPEG,떨림,ms_trg,11,-1,0.0
SG149192.JPEG,심술100단 시리즈,fs_trg,15,0,1.0
SD072446.JPEG,상자 속 1/36,ms_trg,16,0,1.0
SG178386.JPEG,전학생은 외계인,ms_trg,6,0,0.9830153712516839
SR102194.JPEG,떨림,ms_trg,18,-1,0.0
SD068862.JPEG,이현세 극화시리즈,cu_trg,3,0,1.0
SR115391.JPEG,엘리트 공주님의 수석지침서,ms_trg,9,0,1.0
SD092280.JPEG,관계의 우로보로스,ms_trg,10,-1,0.0
SR089642.JPEG,고삼무쌍,cu_trg,17,0,1.0
SR119321.JPEG,악녀로 살라신다,cu_trg,9,0,1.0
SG112770.JPEG,사랑을 피하여,ms_trg,4,0,1.0
SG149076.JPEG,심술100단 시리즈,fs_trg,3,0,1.0
SD127504.JPEG,너에게 하고 싶은 말,ms_trg,18,0,1.0
SG112820.JPEG,사랑을 피하여,ms_trg,7,0,1.0
SR146899.JPEG,환생소녀,cu_trg,7,0,1.0
SR102341.JPEG,떨림,ms_trg,11,0,1.0
SG117705.JPEG,어느날 절친이 남자가 되어버렸다,ms_trg,16,0,1.0
SD082568.JPEG,몽홀,cu_trg,19,0,1.0
SD092389.JPEG,마이 러블리 투투,ms_trg,16,0,0.9897281042821542
SD113882.JPEG,레벨업닥터 최기석,ms_trg,4,-1,0.0
SD127437.JPEG,너에게 하고 싶은 말,ms_trg,7,0,1.0
SG178283.JPEG,전학생은 외계인,cu_trg,6,0,1.0
SG112537.JPEG,사랑을 피하여,ms_trg,7,0,1.0
SR123124.JPEG,붉은실 월하,ms_trg,1,0,1.0
SG170949.JPEG,야수,cu_trg,5,0,1.0
SR108641.JPEG,강도하 청춘 시리즈,ms_trg,5,0,1.0
SR108481.JPEG,강도하 청춘 시리즈,ls_trg,10,0,1.0
SG149094.JPEG,심술100단 시리즈,fs_trg,15,0,1.0
SG112900.JPEG,사랑을 피하여,ms_trg,14,0,0.9739997859092943
SD127366.JPEG,너에게 하고 싶은 말,ms_trg,2,-1,0.0
SR082011.JPEG,청소하실 레옹?,ms_trg,4,0,1.0
SD114853.JPEG,여기사는 더 이상 검을 들지 않았다,ms_trg,10,0,0.9911095147219032
SR124824.JPEG,제자와 연인 사이,ms_trg,18,0,1.0
SR102007.JPEG,떨림,cu_trg,11,0,1.0
SD082738.JPEG,몽홀,cu_trg,3,0,1.0
SR107578.JPEG,내 최애가 위험해,ms_trg,14,0,1.0
SR118123.JPEG,악녀에게 의리가 어디 있어,ms_trg,1,0,1.0
SR073812.JPEG,실신남녀,ms_trg,1,0,1.0
SR102426.JPEG,떨림,cu_trg,17,0,1.0
SD082475.JPEG,몽홀,ms_trg,2,-1,0.0
SR118508.JPEG,악녀에게 의리가 어디 있어,ms_trg,13,-1,0.0
SD113935.JPEG,레벨업닥터 최기석,cu_trg,1,0,1.0
SG149137.JPEG,심술100단 시리즈,fs_trg,15,0,1.0
SG149101.JPEG,심술100단 시리즈,fs_trg,15,0,1.0
SG112485.JPEG,사랑을 피하여,ms_trg,14,-1,0.0
SD092476.JPEG,마이 러블리 투투,ms_trg,4,0,1.0
SR118279.JPEG,악녀에게 의리가 어디 있어,ms_trg,18,0,1.0
SR085243.JPEG,포근한 그 남자,ms_trg,16,0,1.0
SG171939.JPEG,야수,cu_trg,19,0,1.0
SE084875.JPEG,다정종합병원,cu_trg,17,0,1.0
SR118470.JPEG,악녀에게 의리가 어디 있어,ms_trg,13,-1,0.0
SG112667.JPEG,사랑을 피하여,ms_trg,14,-1,0.0
SG149175.JPEG,심술100단 시리즈,fs_trg,15,0,1.0
SG117745.JPEG,어느날 절친이 남자가 되어버렸다,ms_trg,1,0,1.0
SR102463.JPEG,떨림,cu_trg,17,0,1.0
SR119278.JPEG,악녀로 살라신다,cu_trg,16,0,1.0
SR089579.JPEG,고삼무쌍,cu_trg,7,0,1.0
SG171382.JPEG,야수,cu_trg,19,0,1.0
SD092739.JPEG,마이 러블리 투투,fs_trg,13,-1,0.0
SR117291.JPEG,연화,ms_trg,5,0,0.9576726796388392
SD105171.JPEG,오세영 창작 극화 시리즈,ms_trg,2,-1,0.0
SE084892.JPEG,다정종합병원,cu_trg,14,0,1.0
SR101983.JPEG,떨림,ms_trg,17,0,0.9704028279007595
SG148848.JPEG,심술100단 시리즈,ms_trg,6,0,0.979252356858828
SG171116.JPEG,야수,ms_trg,19,0,0.9855089560204551
SR108568.JPEG,강도하 청춘 시리즈,ls_trg,10,0,1.0
SR117315.JPEG,연화,ms_trg,5,-1,0.0
SD105196.JPEG,오세영 창작 극화 시리즈,cu_trg,3,0,1.0
SR119409.JPEG,악녀로 살라신다,ms_trg,1,0,1.0
SG117788.JPEG,어느날 절친이 남자가 되어버렸다,ms_trg,16,0,1.0
SR119328.JPEG,악녀로 살라신다,cu_trg,1,0,1.0
SD082616.JPEG,몽홀,ms_trg,3,-1,0.0
SR102510.JPEG,떨림,ms_trg,11,0,1.0
SR108996.JPEG,강도하 청춘 시리즈,ms_trg,2,-1,0.0
SD114849.JPEG,여기사는 더 이상 검을 들지 않았다,ms_trg,4,0,1.0
SD082539.JPEG,몽홀,ms_trg,3,0,1.0
SR077520.JPEG,오빠야 누나야,ms_trg,1,0,1.0
SR108497.JPEG,강도하 청춘 시리즈,ms_trg,5,0,1.0
SD127733.JPEG,너에게 하고 싶은 말,ms_trg,1,-1,0.0
SR077985.JPEG,오빠야 누나야,ms_trg,1,0,0.9751149054571389
SR108669.JPEG,강도하 청춘 시리즈,ms_trg,13,-1,0.0
SG178089.JPEG,전학생은 외계인,cu_trg,6,0,1.0
SR119363.JPEG,악녀로 살라신다,ms_trg,9,0,1.0
SE084738.JPEG,다정종합병원,cu_trg,5,-1,0.0
SG171090.JPEG,야수,cu_trg,17,-1,0.0
SG149079.JPEG,심술100단 시리즈,ms_trg,15,0,0.963885098495061
SR147074.JPEG,환생소녀,ms_trg,14,-1,0.0
SE084914.JPEG,다정종합병원,ms_trg,14,0,1.0
SR102485.JPEG,떨림,ms_trg,17,0,1.0
SG112897.JPEG,사랑을 피하여,ms_trg,7,0,1.0
SR077742.JPEG,오빠야 누나야,ms_trg,16,0,1.0
SD105280.JPEG,오세영 창작 극화 시리즈,ms_trg,2,-1,0.0
SD114944.JPEG,여기사는 더 이상 검을 들지 않았다,ms_trg,9,0,1.0
SG178143.JPEG,전학생은 외계인,cu_trg,14,0,0.9779367322216193
SD129552.JPEG,편지창조,ms_trg,10,0,1.0
SG117997.JPEG,어느날 절친이 남자가 되어버렸다,ms_trg,9,0,1.0
SR146990.JPEG,환생소녀,ms_trg,4,0,0.9840156199541233
SR123118.JPEG,붉은실 월하,ms_trg,1,0,1.0
SR108563.JPEG,강도하 청춘 시리즈,ms_trg,10,0,1.0
SG178004.JPEG,전학생은 외계인,cu_trg,6,0,1.0
SR118593.JPEG,악녀에게 의리가 어디 있어,ms_trg,1,0,1.0
SR113210.JPEG,상아,ms_trg,4,0,1.0
SR102093.JPEG,떨림,fs_trg,13,-1,0.0
SD092479.JPEG,마이 러블리 투투,ms_trg,14,0,1.0
SR147000.JPEG,환생소녀,ls_trg,0,1,1.0
SR119249.JPEG,악녀로 살라신다,ms_trg,1,0,1.0
SR118131.JPEG,악녀에게 의리가 어디 있어,ms_trg,18,-1,0.0
SD068639.JPEG,이현세 극화시리즈,ls_trg,0,-1,0.0
SR147089.JPEG,환생소녀,ms_trg,16,-1,0.0
SG149020.JPEG,심술100단 시리즈,fs_trg,15,0,1.0
SD104758.JPEG,오세영 창작 극화 시리즈,ms_trg,2,-1,0.0
SR119260.JPEG,악녀로 살라신다,ms_trg,1,0,1.0
SD094245.JPEG,빨간자전거(인터넷연재판),ms_trg,5,-1,0.0
SG148654.JPEG,심술100단 시리즈,ms_trg,15,0,0.9686290213468624
SR102317.JPEG,떨림,ms_trg,17,0,1.0
SD068585.JPEG,이현세 극화시리즈,ms_trg,2,-1,0.0
SR115513.JPEG,엘리트 공주님의 수석지침서,fs_trg,10,0,0.9934668712412796
SG148519.JPEG,심술100단 시리즈,fs_trg,15,0,0.9859828908268722
SG117784.JPEG,어느날 절친이 남자가 되어버렸다,ms_trg,4,0,1.0
SE084704.JPEG,다정종합병원,ms_trg,16,0,1.0
SD092418.JPEG,마이 러블리 투투,ms_trg,4,0,1.0
SG148963.JPEG,심술100단 시리즈,fs_trg,15,0,1.0
SR081911.JPEG,청소하실 레옹?,ms_trg,4,0,1.0
SR115291.JPEG,엘리트 공주님의 수석지침서,ms_trg,18,-1,0.0
SG171572.JPEG,야수,ms_trg,17,0,1.0
SR118104.JPEG,악녀에게 의리가 어디 있어,ms_trg,1,0,1.0
SR146912.JPEG,환생소녀,ms_trg,16,0,1.0
SG112562.JPEG,사랑을 피하여,ms_trg,7,0,1.0
SD134257.JPEG,만인지상,ms_trg,3,-1,0.0
SG112605.JPEG,사랑을 피하여,cu_trg,16,0,1.0
SR118326.JPEG,악녀에게 의리가 어디 있어,ms_trg,13,0,0.9704028279007595
SD068861.JPEG,이현세 극화시리즈,cu_trg,3,0,1.0
SR146669.JPEG,환생소녀,ms_trg,16,0,1.0
SG112891.JPEG,사랑을 피하여,ms_trg,7,0,1.0
SR073602.JPEG,실신남녀,ms_trg,1,0,0.9753239879094329
SR117428.JPEG,연화,ms_trg,10,-1,0.0
SR108649.JPEG,강도하 청춘 시리즈,ms_trg,5,0,1.0
SE084687.JPEG,다정종합병원,cu_trg,19,0,0.9864792854987161
SR119528.JPEG,악녀로 살라신다,ms_trg,1,0,1.0
SD127400.JPEG,너에게 하고 싶은 말,ms_trg,1,0,1.0
SR073906.JPEG,실신남녀,ms_trg,1,0,1.0
SR117306.JPEG,연화,ms_trg,10,-1,0.0
SR119719.JPEG,악녀로 살라신다,ms_trg,1,0,1.0
SG149011.JPEG,심술100단 시리즈,ms_trg,15,0,1.0
SR108926.JPEG,강도하 청춘 시리즈,ms_trg,10,0,0.9942071812872378
SD072896.JPEG,상자 속 1/36,ms_trg,1,0,1.0
SD134541.JPEG,만인지상,ms_trg,13,-1,0.0
SD082761.JPEG,몽홀,ms_trg,3,0,1.0
SR081936.JPEG,청소하실 레옹?,ms_trg,18,0,0.9874081398179398
SD094392.JPEG,빨간자전거(인터넷연재판),fs_trg,13,-1,0.0
SG112766.JPEG,사랑을 피하여,ms_trg,0,-1,0.0
SG171242.JPEG,야수,cu_trg,19,0,1.0
SG149095.JPEG,심술100단 시리즈,fs_trg,15,0,1.0
SE084681.JPEG,다정종합병원,cu_trg,5,0,1.0
SG178277.JPEG,전학생은 외계인,cu_trg,6,0,1.0
SR085543.JPEG,포근한 그 남자,ms_trg,18,0,1.0
SR085153.JPEG,포근한 그 남자,ms_trg,16,0,1.0
SG149366.JPEG,심술100단 시리즈,fs_trg,15,0,0.9873243338985108
SR089731.JPEG,고삼무쌍,cu_trg,19,0,0.9994562241767271
SG149374.JPEG,심술100단 시리즈,fs_trg,15,0,0.9736016328011865
SR073815.JPEG,실신남녀,ms_trg,1,0,1.0
SR085434.JPEG,포근한 그 남자,ms_trg,16,0,1.0
SR118239.JPEG,악녀에게 의리가 어디 있어,ms_trg,13,-1,0.0
SR108660.JPEG,강도하 청춘 시리즈,ms_trg,5,0,1.0
SG178177.JPEG,전학생은 외계인,cu_trg,6,0,1.0
SR102124.JPEG,떨림,ms_trg,11,0,1.0
SR085554.JPEG,포근한 그 남자,ms_trg,16,0,1.0
SR124463.JPEG,제자와 연인 사이,ms_trg,14,-1,0.0
SE084877.JPEG,다정종합병원,ms_trg,7,0,0.9980695403167191
SR078019.JPEG,오빠야 누나야,cu_trg,16,0,1.0
SR107829.JPEG,신농사직설,ms_trg,2,-1,0.0
SR089993.JPEG,고삼무쌍,ms_trg,7,0,1.0
SD105173.JPEG,오세영 창작 극화 시리즈,ms_trg,2,-1,0.0
SD134712.JPEG,만인지상,cu_trg,3,0,0.9899971572097491
SR073646.JPEG,실신남녀,ms_trg,1,0,0.9932818568944263
SD092337.JPEG,관계의 우로보로스,ms_trg,14,-1,0.0
SD082135.JPEG,몽홀,fs_trg,13,0,1.0
SD082523.JPEG,몽홀,cu_trg,3,0,1.0
SR146924.JPEG,환생소녀,ms_trg,16,0,1.0
SG064441.JPEG,40억 vs 1,fs_trg,2,-1,0.0
SG112922.JPEG,사랑을 피하여,ms_trg,7,0,1.0
SR102306.JPEG,떨림,ms_trg,2,-1,0.0
SR147040.JPEG,환생소녀,fs_trg,10,-1,0.0
SR123149.JPEG,붉은실 월하,ms_trg,16,0,1.0
SD113971.JPEG,레벨업닥터 최기석,ms_trg,4,0,1.0
SD113688.JPEG,레벨업닥터 최기석,ms_trg,4,0,1.0
SR117459.JPEG,연화,cu_trg,19,0,1.0
SR108868.JPEG,강도하 청춘 시리즈,ms_trg,2,0,0.9744357636478438
SD127373.JPEG,너에게 하고 싶은 말,ms_trg,18,0,1.0
SE084882.JPEG,다정종합병원,ms_trg,14,0,1.0
SR118259.JPEG,악녀에게 의리가 어디 있어,ms_trg,9,0,1.0
SR102085.JPEG,떨림,cu_trg,17,0,1.0
SR073626.JPEG,실신남녀,ms_trg,16,0,1.0
SD082629.JPEG,몽홀,ms_trg,3,0,1.0
SD134576.JPEG,만인지상,cu_trg,19,0,1.0
SR073795.JPEG,실신남녀,ms_trg,1,0,1.0
SR108861.JPEG,강도하 청춘 시리즈,ms_trg,12,-1,0.0
SR147036.JPEG,환생소녀,ms_trg,16,0,1.0
SR108515.JPEG,강도하 청춘 시리즈,fs_trg,10,0,0.981400909491169
SG178325.JPEG,전학생은 외계인,cu_trg,6,0,1.0
SG117932.JPEG,어느날 절친이 남자가 되어버렸다,ms_trg,1,0,1.0
SR077827.JPEG,오빠야 누나야,ms_trg,14,0,1.0
SG148992.JPEG,심술100단 시리즈,fs_trg,15,0,1.0
SR081621.JPEG,청소하실 레옹?,cu_trg,11,0,1.0
SD113696.JPEG,레벨업닥터 최기석,ms_trg,4,0,1.0
SG117734.JPEG,어느날 절친이 남자가 되어버렸다,ms_trg,4,0,1.0
SR108008.JPEG,신농사직설,ls_trg,0,1,0.9975820083863308
SR085451.JPEG,포근한 그 남자,ls_trg,0,-1,0.0
SG112795.JPEG,사랑을 피하여,ms_trg,4,0,1.0
SR120411.JPEG,회귀했더니 가문이 망했다,cu_trg,7,0,1.0
SR108573.JPEG,강도하 청춘 시리즈,ms_trg,3,0,1.0
SG178236.JPEG,전학생은 외계인,cu_trg,6,-1,0.0
SD129576.JPEG,편지창조,ms_trg,3,-1,0.0
SR147001.JPEG,환생소녀,cu_trg,11,-1,0.0
SG171032.JPEG,야수,cu_trg,19,0,1.0
SR102344.JPEG,떨림,cu_trg,17,0,1.0
SR119306.JPEG,악녀로 살라신다,cu_trg,7,0,1.0
SG170943.JPEG,야수,cu_trg,19,0,1.0
SD129207.JPEG,편지창조,ms_trg,13,-1,0.0
SG171235.JPEG,야수,cu_trg,17,0,1.0
SD129331.JPEG,편지창조,ms_trg,5,-1,0.0
SG171018.JPEG,야수,ms_trg,5,-1,0.0
SR072218.JPEG,선비의 방,ms_trg,17,-1,0.0
SR085516.JPEG,포근한 그 남자,cu_trg,16,0,1.0
SD127773.JPEG,너에게 하고 싶은 말,ms_trg,10,-1,0.0
SD127536.JPEG,너에게 하고 싶은 말,ms_trg,16,0,1.0
SD113721.JPEG,레벨업닥터 최기석,cu_trg,14,0,0.9694509492825889
SG117615.JPEG,어느날 절친이 남자가 되어버렸다,ms_trg,4,0,1.0
SG064209.JPEG,40억 vs 1,ms_trg,5,-1,0.0
SD127693.JPEG,너에게 하고 싶은 말,ms_trg,18,-1,0.0
SD113877.JPEG,레벨업닥터 최기석,ms_trg,10,0,1.0
SG178153.JPEG,전학생은 외계인,ms_trg,6,0,0.9750107163006265
SG149230.JPEG,심술100단 시리즈,fs_trg,15,0,0.999607277683207
SD134536.JPEG,만인지상,cu_trg,19,0,0.9917351077734512
SD105075.JPEG,오세영 창작 극화 시리즈,ms_trg,2,-1,0.0
SR085570.JPEG,포근한 그 남자,ms_trg,16,0,1.0
SG171728.JPEG,야수,ms_trg,19,-1,0.0
SG178105.JPEG,전학생은 외계인,cu_trg,5,-1,0.0
SR107424.JPEG,내 최애가 위험해,ms_trg,4,-1,0.0
SR102131.JPEG,떨림,cu_trg,17,0,1.0
SR119714.JPEG,악녀로 살라신다,ms_trg,18,0,1.0
SR107400.JPEG,내 최애가 위험해,fs_trg,13,-1,0.0
SG149387.JPEG,심술100단 시리즈,fs_trg,15,0,1.0
SG149036.JPEG,심술100단 시리즈,fs_trg,15,0,1.0
SR146715.JPEG,환생소녀,ms_trg,16,0,1.0
SR074086.JPEG,실신남녀,ms_trg,9,0,1.0
SD074882.JPEG,우렁각시,ms_trg,9,0,1.0
SR082023.JPEG,청소하실 레옹?,ms_trg,14,0,1.0
SE084938.JPEG,다정종합병원,ms_trg,14,-1,0.0
SR102471.JPEG,떨림,ms_trg,11,0,1.0
SR085411.JPEG,포근한 그 남자,ms_trg,16,0,1.0
SR119617.JPEG,악녀로 살라신다,ms_trg,18,0,1.0
SD082493.JPEG,몽홀,ms_trg,12,-1,0.0
SR119609.JPEG,악녀로 살라신다,ms_trg,14,-1,0.0
SR082019.JPEG,청소하실 레옹?,cu_trg,16,0,1.0
SR072360.JPEG,선비의 방,cu_trg,5,0,1.0
SD134268.JPEG,만인지상,ms_trg,3,0,0.9898808267572154
SG178165.JPEG,전학생은 외계인,cu_trg,6,0,1.0
SR146969.JPEG,환생소녀,ms_trg,16,0,1.0
SR108869.JPEG,강도하 청춘 시리즈,ms_trg,10,-1,0.0
SR077521.JPEG,오빠야 누나야,ms_trg,4,0,1.0
SR108540.JPEG,강도하 청춘 시리즈,ms_trg,10,0,1.0
SR119320.JPEG,악녀로 살라신다,cu_trg,1,0,1.0
SD127457.JPEG,너에게 하고 싶은 말,ms_trg,18,0,1.0
SR113245.JPEG,상아,ms_trg,14,0,1.0
SR085599.JPEG,포근한 그 남자,fs_trg,18,-1,0.0
SR077441.JPEG,오빠야 누나야,cu_trg,16,0,1.0
SD068800.JPEG,이현세 극화시리즈,cu_trg,19,0,1.0
SG178094.JPEG,전학생은 외계인,cu_trg,6,0,0.9571508744588483
SR146951.JPEG,환생소녀,ms_trg,4,-1,0.0
SR102014.JPEG,떨림,cu_trg,11,0,1.0
SG171012.JPEG,야수,cu_trg,19,0,1.0
SD075089.JPEG,우렁각시,ms_trg,14,0,1.0
SG112439.JPEG,사랑을 피하여,cu_trg,14,0,0.980191042723005
SR115529.JPEG,엘리트 공주님의 수석지침서,ms_trg,1,0,1.0
SG112434.JPEG,사랑을 피하여,ms_trg,7,0,0.9722056083212024
SD092438.JPEG,마이 러블리 투투,ms_trg,4,0,1.0
SR119288.JPEG,악녀로 살라신다,cu_trg,16,0,1.0
SR146988.JPEG,환생소녀,ms_trg,7,0,1.0
SR077994.JPEG,오빠야 누나야,cu_trg,16,0,1.0
SD092367.JPEG,마이 러블리 투투,ms_trg,4,0,1.0
SR102438.JPEG,떨림,cu_trg,17,0,1.0
SR123113.JPEG,붉은실 월하,ms_trg,16,0,1.0
SG148815.JPEG,심술100단 시리즈,fs_trg,15,0,1.0
SD113556.JPEG,레벨업닥터 최기석,ms_trg,4,0,1.0
SR077498.JPEG,오빠야 누나야,ms_trg,7,0,1.0
SE084792.JPEG,다정종합병원,ms_trg,19,0,1.0
SR089209.JPEG,고삼무쌍,ms_trg,14,0,1.0
SR108696.JPEG,강도하 청춘 시리즈,ms_trg,10,-1,0.0
SG112835.JPEG,사랑을 피하여,ms_trg,7,0,1.0
SR085124.JPEG,포근한 그 남자,ms_trg,1,0,1.0
SG149061.JPEG,심술100단 시리즈,fs_trg,15,0,1.0
SG148792.JPEG,심술100단 시리즈,fs_trg,15,0,1.0
SD074765.JPEG,우렁각시,ms_trg,4,0,1.0
SG178137.JPEG,전학생은 외계인,ms_trg,5,0,0.9661170553342966
SG178224.JPEG,전학생은 외계인,cu_trg,6,0,1.0
SR108804.JPEG,강도하 청춘 시리즈,ls_trg,0,-1,0.0
SR115377.JPEG,엘리트 공주님의 수석지침서,cu_trg,16,0,1.0
SG149222.JPEG,심술100단 시리즈,fs_trg,15,0,1.0
SG149247.JPEG,심술100단 시리즈,fs_trg,15,0,1.0
SD082716.JPEG,몽홀,ms_trg,3,0,1.0
SR147111.JPEG,환생소녀,ms_trg,1,0,1.0
SR089786.JPEG,고삼무쌍,ms_trg,14,-1,0.0
SR146743.JPEG,환생소녀,cu_trg,11,0,1.0
SG171469.JPEG,야수,cu_trg,19,0,1.0
SE084689.JPEG,다정종합병원,ms_trg,14,-1,0.0
SG149337.JPEG,심술100단 시리즈,ms_trg,15,0,0.9980585407956808
SG064476.JPEG,40억 vs 1,ms_trg,14,0,1.0
SR077872.JPEG,오빠야 누나야,ms_trg,4,0,1.0
SR081912.JPEG,청소하실 레옹?,cu_trg,7,0,1.0
SD067951.JPEG,임꺽정 (완전판),ms_trg,2,-1,0.0
SR102042.JPEG,떨림,cu_trg,17,0,1.0
SD068911.JPEG,이현세 극화시리즈,cu_trg,19,0,1.0
SG148950.JPEG,심술100단 시리즈,fs_trg,15,-1,0.0
SE084717.JPEG,다정종합병원,ms_trg,5,-1,0.0
SR107919.JPEG,신농사직설,ms_trg,4,0,1.0
SE084807.JPEG,다정종합병원,ms_trg,7,0,1.0
SD092709.JPEG,마이 러블리 투투,ms_trg,10,0,0.9964189662131124
SR085258.JPEG,포근한 그 남자,cu_trg,7,0,1.0
SR146790.JPEG,환생소녀,ms_trg,14,-1,0.0
SD127522.JPEG,너에게 하고 싶은 말,ms_trg,14,0,1.0
SR118298.JPEG,악녀에게 의리가 어디 있어,ms_trg,14,0,0.9765511934682132
SG148966.JPEG,심술100단 시리즈,fs_trg,15,0,1.0
SR113052.JPEG,상아,ms_trg,1,0,1.0
SD092623.JPEG,마이 러블리 투투,ms_trg,14,-1,0.0
SG112675.JPEG,사랑을 피하여,ms_trg,7,0,1.0
SR074004.JPEG,실신남녀,ms_trg,1,0,1.0
SE084697.JPEG,다정종합병원,ms_trg,16,0,1.0
SG149223.JPEG,심술100단 시리즈,ms_trg,15,0,1.0
SD127467.JPEG,너에게 하고 싶은 말,ms_trg,18,0,0.9643693094353516
SG177974.JPEG,전학생은 외계인,ms_trg,6,0,1.0
SR118270.JPEG,악녀에게 의리가 어디 있어,ms_trg,14,-1,0.0
SG148977.JPEG,심술100단 시리즈,fs_trg,15,0,1.0
SR115379.JPEG,엘리트 공주님의 수석지침서,ms_trg,13,-1,0.0
SR077739.JPEG,오빠야 누나야,ms_trg,7,0,1.0
SR118183.JPEG,악녀에게 의리가 어디 있어,ms_trg,1,0,1.0
SD068523.JPEG,이현세 극화시리즈,ms_trg,2,-1,0.0
SR119660.JPEG,악녀로 살라신다,ms_trg,9,0,1.0
SD072916.JPEG,상자 속 1/36,ms_trg,9,0,1.0
SG149130.JPEG,심술100단 시리즈,fs_trg,15,0,1.0
SG148749.JPEG,심술100단 시리즈,fs_trg,15,0,1.0
SR146979.JPEG,환생소녀,ls_trg,0,1,1.0
SD092457.JPEG,마이 러블리 투투,ms_trg,4,0,1.0
SR118127.JPEG,악녀에게 의리가 어디 있어,ms_trg,9,0,1.0
SG149136.JPEG,심술100단 시리즈,fs_trg,15,0,0.9954130630551191
SG171228.JPEG,야수,ms_trg,17,0,0.9947474511195724
SR119297.JPEG,악녀로 살라신다,ms_trg,18,0,1.0
SR102189.JPEG,떨림,ms_trg,17,-1,0.0
SD080961.JPEG,최면술사에겐 비밀보호 의무가 없다,ms_trg,5,-1,0.0
SR108708.JPEG,강도하 청춘 시리즈,ms_trg,7,0,1.0
SR117257.JPEG,연화,ms_trg,14,0,0.9852185965558341
SR123195.JPEG,붉은실 월하,ms_trg,16,0,1.0
SD082134.JPEG,몽홀,cu_trg,3,0,1.0
SD081144.JPEG,최면술사에겐 비밀보호 의무가 없다,ms_trg,14,0,0.9602557199232538
SR146915.JPEG,환생소녀,ms_trg,16,0,1.0
SG149046.JPEG,심술100단 시리즈,fs_trg,15,0,1.0
SR108256.JPEG,신농사직설,ms_trg,4,-1,0.0
SR108774.JPEG,강도하 청춘 시리즈,ms_trg,5,-1,0.0
SD092743.JPEG,마이 러블리 투투,ms_trg,4,0,1.0
SR102325.JPEG,떨림,ms_trg,11,0,1.0
SD092328.JPEG,관계의 우로보로스,ms_trg,16,0,1.0
SR102012.JPEG,떨림,cu_trg,17,0,1.0
SD082432.JPEG,몽홀,ls_trg,13,-1,0.0
SR123197.JPEG,붉은실 월하,cu_trg,16,0,1.0
SR107501.JPEG,내 최애가 위험해,ms_trg,4,-1,0.0
SR085278.JPEG,포근한 그 남자,ms_trg,18,0,1.0
SR108477.JPEG,강도하 청춘 시리즈,ms_trg,10,0,1.0
SR119376.JPEG,악녀로 살라신다,ms_trg,9,0,1.0
SD092306.JPEG,관계의 우로보로스,ms_trg,14,-1,0.0
SE084817.JPEG,다정종합병원,cu_trg,16,0,1.0
SG117671.JPEG,어느날 절친이 남자가 되어버렸다,ms_trg,18,0,1.0
SR146964.JPEG,환생소녀,ms_trg,1,0,1.0
SR108567.JPEG,강도하 청춘 시리즈,ms_trg,3,-1,0.0
SR102345.JPEG,떨림,ms_trg,4,0,0.9566915816805528
SD082506.JPEG,몽홀,cu_trg,3,-1,0.0
SR072310.JPEG,선비의 방,ms_trg,14,0,0.9623282329533003
SR077851.JPEG,오빠야 누나야,cu_trg,16,0,1.0
SR120853.JPEG,회귀했더니 가문이 망했다,ms_trg,4,0,1.0
SG148586.JPEG,심술100단 시리즈,ms_trg,15,0,1.0
SR108535.JPEG,강도하 청춘 시리즈,ms_trg,5,0,1.0
SG171799.JPEG,야수,ms_trg,2,-1,0.0
SD068671.JPEG,이현세 극화시리즈,cu_trg,17,0,0.9845016362288282
SD105183.JPEG,오세영 창작 극화 시리즈,ms_trg,2,-1,0.0
SR108441.JPEG,신농사직설,ls_trg,0,-1,0.0
SR107584.JPEG,내 최애가 위험해,ms_trg,16,0,1.0
SG178251.JPEG,전학생은 외계인,cu_trg,6,0,0.9915211053305119
SR147019.JPEG,환생소녀,ms_trg,18,0,0.9753611411724922
SG064238.JPEG,40억 vs 1,fs_trg,13,-1,0.0
SR108886.JPEG,강도하 청춘 시리즈,ms_trg,5,-1,0.0
SR122827.JPEG,붉은실 월하,ms_trg,1,0,1.0
SR108342.JPEG,신농사직설,ls_trg,13,0,0.9563734250551327
SE084736.JPEG,다정종합병원,ms_trg,2,-1,0.0
SR118071.JPEG,악녀에게 의리가 어디 있어,ms_trg,19,-1,0.0
SG149345.JPEG,심술100단 시리즈,fs_trg,8,0,1.0
SD127424.JPEG,너에게 하고 싶은 말,ms_trg,16,0,1.0
SR081961.JPEG,청소하실 레옹?,ms_trg,16,0,1.0
SD082120.JPEG,몽홀,fs_trg,13,-1,0.0
SR102084.JPEG,떨림,ms_trg,19,-1,0.0
SD094488.JPEG,빨간자전거(인터넷연재판),fs_trg,13,-1,0.0
SR119415.JPEG,악녀로 살라신다,fs_trg,13,0,1.0
SG148816.JPEG,심술100단 시리즈,fs_trg,15,0,1.0
SR072362.JPEG,선비의 방,cu_trg,5,0,0.9566050093441287
SR107397.JPEG,내 최애가 위험해,ms_trg,9,0,1.0
SG124031.JPEG,잉어님과 떡볶이,ms_trg,5,-1,0.0
SR085566.JPEG,포근한 그 남자,ms_trg,16,0,1.0
SD082472.JPEG,몽홀,ms_trg,14,-1,0.0
SR073792.JPEG,실신남녀,cu_trg,1,0,1.0
SR077600.JPEG,오빠야 누나야,ms_trg,10,0,0.9607608428339294
SE084677.JPEG,다정종합병원,ms_trg,16,0,1.0
SR077938.JPEG,오빠야 누나야,ms_trg,7,0,1.0
SD105149.JPEG,오세영 창작 극화 시리즈,ms_trg,13,-1,0.0
SR085157.JPEG,포근한 그 남자,cu_trg,16,0,1.0
SD068579.JPEG,이현세 극화시리즈,ms_trg,3,0,0.9583247800712019
SR123144.JPEG,붉은실 월하,ms_trg,1,-1,0.0
SR122713.JPEG,붉은실 월하,cu_trg,7,0,1.0
SR089353.JPEG,고삼무쌍,fs_trg,10,-1,0.0
SD068213.JPEG,임꺽정 (완전판),cu_trg,19,-1,0.0
SR108977.JPEG,강도하 청춘 시리즈,ms_trg,13,-1,0.0
SR118289.JPEG,악녀에게 의리가 어디 있어,ms_trg,1,0,1.0
SR115506.JPEG,엘리트 공주님의 수석지침서,ms_trg,9,0,1.0
SD092677.JPEG,마이 러블리 투투,ms_trg,4,0,1.0
SR073919.JPEG,실신남녀,cu_trg,18,-1,0.0
SG148691.JPEG,심술100단 시리즈,fs_trg,15,0,1.0
SD094513.JPEG,빨간자전거(인터넷연재판),fs_trg,13,-1,0.0
SG149320.JPEG,심술100단 시리즈,fs_trg,15,-1,0.0
SD105216.JPEG,오세영 창작 극화 시리즈,ms_trg,19,-1,0.0
SR146950.JPEG,환생소녀,fs_trg,0,-1,0.0
SR108471.JPEG,강도하 청춘 시리즈,cu_trg,5,0,0.9775550350134887
SD082187.JPEG,몽홀,ms_trg,13,0,1.0
SD082516.JPEG,몽홀,ms_trg,3,0,0.9782188999073921
SR085495.JPEG,포근한 그 남자,ms_trg,1,0,1.0
SD068495.JPEG,이현세 극화시리즈,cu_trg,3,-1,0.0
SR077613.JPEG,오빠야 누나야,ms_trg,16,0,1.0
SR107981.JPEG,신농사직설,ms_trg,14,-1,0.0
SD105156.JPEG,오세영 창작 극화 시리즈,ms_trg,2,-1,0.0
SG112412.JPEG,사랑을 피하여,ms_trg,14,-1,0.0
SR118342.JPEG,악녀에게 의리가 어디 있어,ms_trg,1,0,1.0
SG178256.JPEG,전학생은 외계인,ms_trg,6,0,1.0
SD082381.JPEG,몽홀,fs_trg,13,-1,0.0
SR089632.JPEG,고삼무쌍,ms_trg,14,-1,0.0
SR102048.JPEG,떨림,cu_trg,17,0,1.0
SR074015.JPEG,실신남녀,ms_trg,1,0,1.0
SG171795.JPEG,야수,ms_trg,19,-1,0.0
SR118280.JPEG,악녀에게 의리가 어디 있어,ms_trg,9,0,1.0
SD068696.JPEG,이현세 극화시리즈,ms_trg,2,0,0.9811428791257422
SD127349.JPEG,너에게 하고 싶은 말,ms_trg,7,0,1.0
SR089959.JPEG,고삼무쌍,ms_trg,19,-1,0.0
SR108580.JPEG,강도하 청춘 시리즈,ms_trg,10,-1,0.0
SR108865.JPEG,강도하 청춘 시리즈,ms_trg,5,0,0.9757450738509575
SR108989.JPEG,강도하 청춘 시리즈,ms_trg,2,-1,0.0
SG117702.JPEG,어느날 절친이 남자가 되어버렸다,ms_trg,4,0,1.0
SG178171.JPEG,전학생은 외계인,cu_trg,6,0,1.0
SD087023.JPEG,보이지 않는 사람,ls_trg,0,-1,0.0
SR073937.JPEG,실신남녀,ms_trg,1,0,1.0
SG149204.JPEG,심술100단 시리즈,fs_trg,15,0,0.9702702615049669
SD127418.JPEG,너에게 하고 싶은 말,ms_trg,16,0,1.0
SR085293.JPEG,포근한 그 남자,ms_trg,1,0,1.0
SR108622.JPEG,강도하 청춘 시리즈,ms_trg,10,0,1.0
SG178217.JPEG,전학생은 외계인,cu_trg,6,0,1.0
SD127526.JPEG,너에게 하고 싶은 말,ms_trg,5,-1,0.0
SR108643.JPEG,강도하 청춘 시리즈,ms_trg,5,0,1.0
SD105213.JPEG,오세영 창작 극화 시리즈,ms_trg,3,-1,0.0
SR107420.JPEG,내 최애가 위험해,cu_trg,11,0,1.0
SD119081.JPEG,낙인의 플레인워커,cu_trg,11,0,1.0
SR108893.JPEG,강도하 청춘 시리즈,ms_trg,6,-1,0.0
SG178018.JPEG,전학생은 외계인,ms_trg,6,-1,0.0
SR147071.JPEG,환생소녀,ms_trg,4,0,1.0
SG171880.JPEG,야수,cu_trg,19,-1,0.0
SD105159.JPEG,오세영 창작 극화 시리즈,ms_trg,3,0,0.996857270205635
SR118341.JPEG,악녀에게 의리가 어디 있어,ms_trg,1,0,1.0
SR077687.JPEG,오빠야 누나야,cu_trg,5,-1,0.0
SR123141.JPEG,붉은실 월하,ms_trg,18,0,1.0
SR108388.JPEG,신농사직설,fs_trg,0,1,1.0
SD127760.JPEG,너에게 하고 싶은 말,ms_trg,2,-1,0.0
SD127386.JPEG,너에게 하고 싶은 말,ms_trg,5,-1,0.0
SR119691.JPEG,악녀로 살라신다,ms_trg,1,0,1.0
SD082419.JPEG,몽홀,ms_trg,3,0,1.0
SR077987.JPEG,오빠야 누나야,ms_trg,4,0,1.0
SD075224.JPEG,우렁각시,ms_trg,18,0,0.9698028743934579
SR123200.JPEG,붉은실 월하,ms_trg,4,0,1.0
SG171327.JPEG,야수,ms_trg,19,-1,0.0
SG148731.JPEG,심술100단 시리즈,fs_trg,15,-1,0.0
SG117765.JPEG,어느날 절친이 남자가 되어버렸다,ms_trg,16,0,1.0
SR102026.JPEG,떨림,ms_trg,5,0,0.9637551810219556
SD127663.JPEG,너에게 하고 싶은 말,ms_trg,7,-1,0.0
SR119314.JPEG,악녀로 살라신다,ms_trg,9,0,1.0
SR077990.JPEG,오빠야 누나야,cu_trg,16,0,1.0
SR117279.JPEG,연화,ms_trg,2,-1,0.0
SR108364.JPEG,신농사직설,fs_trg,13,-1,0.0
SD082273.JPEG,몽홀,fs_trg,3,-1,0.0
SR124834.JPEG,제자와 연인 사이,ms_trg,4,0,1.0
SR120573.JPEG,회귀했더니 가문이 망했다,ms_trg,18,0,1.0
SR102188.JPEG,떨림,cu_trg,11,0,1.0
SG171960.JPEG,야수,cu_trg,19,-1,0.0
SR147127.JPEG,환생소녀,ms_trg,14,-1,0.0
SD087214.JPEG,보이지 않는 사람,ms_trg,5,0,1.0
SE084700.JPEG,다정종합병원,ms_trg,5,0,1.0
SR073856.JPEG,실신남녀,ms_trg,9,0,1.0
SG171689.JPEG,야수,cu_trg,2,-1,0.0
SR073841.JPEG,실신남녀,cu_trg,14,0,1.0
SD068808.JPEG,이현세 극화시리즈,cu_trg,3,-1,0.0
SR077669.JPEG,오빠야 누나야,ms_trg,4,0,1.0
SR108461.JPEG,강도하 청춘 시리즈,ms_trg,10,-1,0.0
SR146996.JPEG,환생소녀,ms_trg,14,0,0.9870409122191813
SR107875.JPEG,신농사직설,ms_trg,1,0,1.0
SR108847.JPEG,강도하 청춘 시리즈,ms_trg,5,0,1.0
SD082372.JPEG,몽홀,ms_trg,3,0,1.0
SR119453.JPEG,악녀로 살라신다,ms_trg,1,0,1.0
SD072776.JPEG,상자 속 1/36,ms_trg,9,0,1.0
SR108476.JPEG,강도하 청춘 시리즈,ms_trg,10,0,0.9887556360091136
SD114771.JPEG,여기사는 더 이상 검을 들지 않았다,ms_trg,9,0,1.0
SR108811.JPEG,강도하 청춘 시리즈,ms_trg,6,-1,0.0
SR119741.JPEG,악녀로 살라신다,ms_trg,19,0,1.0
SD127353.JPEG,너에게 하고 싶은 말,fs_trg,18,0,0.9700112218394442
SE084898.JPEG,다정종합병원,ms_trg,14,0,1.0
SG118018.JPEG,어느날 절친이 남자가 되어버렸다,ms_trg,1,0,1.0
SR108864.JPEG,강도하 청춘 시리즈,ms_trg,17,-1,0.0
SG171541.JPEG,야수,cu_trg,19,0,1.0
SG171200.JPEG,야수,ms_trg,19,0,1.0
SR102323.JPEG,떨림,cu_trg,17,0,1.0
SG112913.JPEG,사랑을 피하여,ms_trg,7,-1,0.0
SG064430.JPEG,40억 vs 1,cu_trg,5,0,0.9614359846680515
SR085463.JPEG,포근한 그 남자,ms_trg,16,0,1.0
SD104731.JPEG,오세영 창작 극화 시리즈,ms_trg,2,-1,0.0
SD129435.JPEG,편지창조,ms_trg,10,-1,0.0
SR118274.JPEG,악녀에게 의리가 어디 있어,ms_trg,10,0,0.9760976646704757
SR101994.JPEG,떨림,ms_trg,17,-1,0.0
SR119685.JPEG,악녀로 살라신다,ms_trg,1,0,1.0
SR089232.JPEG,고삼무쌍,ms_trg,10,-1,0.0
SR089198.JPEG,고삼무쌍,ms_trg,14,0,0.9734720548527668
SR107407.JPEG,내 최애가 위험해,ms_trg,12,-1,0.0
SR107524.JPEG,내 최애가 위험해,ms_trg,4,0,1.0
SG112642.JPEG,사랑을 피하여,ms_trg,7,0,1.0
SR119290.JPEG,악녀로 살라신다,cu_trg,1,0,1.0
SG178402.JPEG,전학생은 외계인,cu_trg,6,0,1.0
SR147081.JPEG,환생소녀,ms_trg,16,0,1.0
SR089900.JPEG,고삼무쌍,ms_trg,19,0,0.9941705264858689
SR119296.JPEG,악녀로 살라신다,ms_trg,9,0,1.0
SD072921.JPEG,상자 속 1/36,ms_trg,16,0,1.0
SD113698.JPEG,레벨업닥터 최기석,ms_trg,4,0,1.0
SD113779.JPEG,레벨업닥터 최기석,ms_trg,4,0,1.0
SR119610.JPEG,악녀로 살라신다,cu_trg,1,0,1.0
SD072479.JPEG,상자 속 1/36,cu_trg,5,0,1.0
SR108710.JPEG,강도하 청춘 시리즈,ms_trg,10,0,1.0
SR102352.JPEG,떨림,cu_trg,17,0,1.0
SE084881.JPEG,다정종합병원,cu_trg,5,0,1.0
SG171209.JPEG,야수,cu_trg,19,0,1.0
SR146786.JPEG,환생소녀,ms_trg,16,0,1.0
SD104238.JPEG,오세영 창작 극화 시리즈,ms_trg,3,-1,0.0
SG117740.JPEG,어느날 절친이 남자가 되어버렸다,fs_trg,18,0,1.0
SR108913.JPEG,강도하 청춘 시리즈,fs_trg,10,-1,0.0
SD129170.JPEG,편지창조,fs_trg,10,-1,0.0
SG171041.JPEG,야수,cu_trg,5,-1,0.0
SD115011.JPEG,여기사는 더 이상 검을 들지 않았다,ms_trg,9,0,1.0
SG178228.JPEG,전학생은 외계인,cu_trg,6,0,1.0
SR077837.JPEG,오빠야 누나야,ms_trg,16,0,1.0
SG117898.JPEG,어느날 절친이 남자가 되어버렸다,ms_trg,9,0,1.0
SR107548.JPEG,내 최애가 위험해,ms_trg,4,0,1.0
SR077693.JPEG,오빠야 누나야,ms_trg,4,0,1.0
SR085501.JPEG,포근한 그 남자,ms_trg,14,-1,0.0
SR108492.JPEG,강도하 청춘 시리즈,ms_trg,5,0,1.0
SR119692.JPEG,악녀로 살라신다,ms_trg,9,0,1.0
SR108494.JPEG,강도하 청춘 시리즈,ms_trg,5,0,1.0
SG117990.JPEG,어느날 절친이 남자가 되어버렸다,ms_trg,1,0,0.9605048726164136
SG064448.JPEG,40억 vs 1,ms_trg,2,-1,0.0
SR109000.JPEG,강도하 청춘 시리즈,ms_trg,7,0,0.961223556701323
SR119385.JPEG,악녀로 살라신다,cu_trg,16,0,1.0
SR089246.JPEG,고삼무쌍,cu_trg,19,0,0.9594991371209058
SR085346.JPEG,포근한 그 남자,cu_trg,16,0,1.0
SR102040.JPEG,떨림,cu_trg,11,0,1.0
SR102246.JPEG,떨림,ms_trg,17,-1,0.0
SR118528.JPEG,악녀에게 의리가 어디 있어,ms_trg,13,-1,0.0
SG178229.JPEG,전학생은 외계인,cu_trg,6,0,1.0
SD114838.JPEG,여기사는 더 이상 검을 들지 않았다,ms_trg,4,0,1.0
SR102262.JPEG,떨림,ms_trg,14,-1,0.0
SG171556.JPEG,야수,cu_trg,19,0,0.972030682926568
SG149096.JPEG,심술100단 시리즈,fs_trg,15,0,1.0
SR118321.JPEG,악녀에게 의리가 어디 있어,ms_trg,18,-1,0.0
SR074025.JPEG,실신남녀,ms_trg,9,0,0.999988438928584
SD127393.JPEG,너에게 하고 싶은 말,ms_trg,7,-1,0.0
SR108776.JPEG,강도하 청춘 시리즈,ms_trg,5,0,0.9898509957369083
SD068165.JPEG,임꺽정 (완전판),ms_trg,19,-1,0.0
SR108986.JPEG,강도하 청춘 시리즈,ms_trg,7,0,1.0
SR123146.JPEG,붉은실 월하,cu_trg,1,0,1.0
SG118012.JPEG,어느날 절친이 남자가 되어버렸다,ms_trg,16,0,1.0
SG117664.JPEG,어느날 절친이 남자가 되어버렸다,cu_trg,4,0,1.0
SR123182.JPEG,붉은실 월하,ms_trg,13,-1,0.0
SR119717.JPEG,악녀로 살라신다,ms_trg,9,0,0.9828261816243591
SG148808.JPEG,심술100단 시리즈,fs_trg,15,0,1.0
SD068597.JPEG,이현세 극화시리즈,ms_trg,5,-1,0.0
SD129429.JPEG,편지창조,ms_trg,2,-1,0.0
SG178073.JPEG,전학생은 외계인,cu_trg,6,0,1.0
SD129281.JPEG,편지창조,ms_trg,17,0,1.0
SR077944.JPEG,오빠야 누나야,ms_trg,16,0,1.0
SR119287.JPEG,악녀로 살라신다,ms_trg,1,0,1.0
SG178273.JPEG,전학생은 외계인,cu_trg,6,0,1.0
SR119254.JPEG,악녀로 살라신다,cu_trg,16,0,1.0
SG112519.JPEG,사랑을 피하여,cu_trg,4,0,1.0
SG178108.JPEG,전학생은 외계인,cu_trg,6,-1,0.0
SR123132.JPEG,붉은실 월하,cu_trg,7,0,1.0
SR102241.JPEG,떨림,ms_trg,17,0,1.0
SG178164.JPEG,전학생은 외계인,ms_trg,6,0,1.0
SD134496.JPEG,만인지상,ms_trg,3,0,1.0
SR102197.JPEG,떨림,ms_trg,11,0,1.0
SD115124.JPEG,여기사는 더 이상 검을 들지 않았다,ms_trg,18,-1,0.0
SR073764.JPEG,실신남녀,fs_trg,13,-1,0.0
SR107419.JPEG,내 최애가 위험해,cu_trg,4,0,1.0
SR102167.JPEG,떨림,cu_trg,11,0,1.0
SG112888.JPEG,사랑을 피하여,ms_trg,7,0,1.0
SR146855.JPEG,환생소녀,ms_trg,14,-1,0.0
SR146765.JPEG,환생소녀,cu_trg,5,0,1.0
SR119281.JPEG,악녀로 살라신다,ms_trg,9,0,1.0
SR102506.JPEG,떨림,ms_trg,11,0,1.0
SR107561.JPEG,내 최애가 위험해,ms_trg,4,0,1.0
SG178186.JPEG,전학생은 외계인,cu_trg,6,0,1.0
SD072870.JPEG,상자 속 1/36,ms_trg,7,0,0.9880819152890431
SG178150.JPEG,전학생은 외계인,cu_trg,6,-1,0.0
SR119304.JPEG,악녀로 살라신다,ms_trg,9,0,1.0
SD082139.JPEG,몽홀,ms_trg,13,0,0.9825988541189293
SG112876.JPEG,사랑을 피하여,ms_trg,7,0,1.0
SR117019.JPEG,연화,ms_trg,14,0,1.0
SR073606.JPEG,실신남녀,ms_trg,14,0,1.0
SR102488.JPEG,떨림,cu_trg,11,0,1.0
SG171949.JPEG,야수,cu_trg,19,0,0.9823355703830557
SE084799.JPEG,다정종합병원,cu_trg,7,0,1.0
SD082551.JPEG,몽홀,cu_trg,3,-1,0.0
SD092468.JPEG,마이 러블리 투투,ms_trg,4,0,1.0
SG117851.JPEG,어느날 절친이 남자가 되어버렸다,ms_trg,18,-1,0.0
SR081973.JPEG,청소하실 레옹?,ms_trg,16,0,1.0
SG112527.JPEG,사랑을 피하여,ms_trg,10,-1,0.0
SG117996.JPEG,어느날 절친이 남자가 되어버렸다,cu_trg,16,0,1.0
SD127298.JPEG,너에게 하고 싶은 말,ms_trg,10,0,0.9804720899828655
SG149252.JPEG,심술100단 시리즈,ls_trg,15,0,0.9934742324971385
SD072936.JPEG,면사포를 쓰고픈 남자,ms_trg,4,0,1.0
SR119703.JPEG,악녀로 살라신다,ms_trg,1,0,1.0
SR077707.JPEG,오빠야 누나야,cu_trg,16,0,1.0
SD082300.JPEG,몽홀,ms_trg,3,0,1.0
SD104810.JPEG,오세영 창작 극화 시리즈,ms_trg,2,-1,0.0
SE084664.JPEG,다정종합병원,cu_trg,5,0,1.0
SR085503.JPEG,포근한 그 남자,ms_trg,14,0,1.0
SR102505.JPEG,떨림,ms_trg,11,0,1.0
SD068632.JPEG,이현세 극화시리즈,ms_trg,2,-1,0.0
SD103966.JPEG,오세영 창작 극화 시리즈,cu_trg,2,-1,0.0
SR072217.JPEG,선비의 방,cu_trg,14,0,0.9859224600115012
SR108246.JPEG,신농사직설,ms_trg,10,-1,0.0
SD072642.JPEG,상자 속 1/36,cu_trg,16,0,1.0
SR108834.JPEG,강도하 청춘 시리즈,cu_trg,5,0,1.0
SR123037.JPEG,붉은실 월하,ms_trg,1,0,1.0
SG178087.JPEG,전학생은 외계인,cu_trg,6,0,1.0
SG148973.JPEG,심술100단 시리즈,fs_trg,15,0,1.0
SR123158.JPEG,붉은실 월하,ms_trg,1,0,1.0
SR108625.JPEG,강도하 청춘 시리즈,ms_trg,5,0,1.0
SD082438.JPEG,몽홀,cu_trg,3,0,1.0
SR073877.JPEG,실신남녀,ms_trg,1,0,1.0
SD082773.JPEG,몽홀,ms_trg,3,0,1.0
SR122902.JPEG,붉은실 월하,cu_trg,16,0,1.0
SG117907.JPEG,어느날 절친이 남자가 되어버렸다,ms_trg,16,0,1.0
SR089841.JPEG,고삼무쌍,ms_trg,18,-1,0.0
SR089821.JPEG,고삼무쌍,ms_trg,13,-1,0.0
SD127432.JPEG,너에게 하고 싶은 말,fs_trg,14,-1,0.0
SG170965.JPEG,야수,cu_trg,19,0,1.0
SR113336.JPEG,상아,ms_trg,7,0,1.0
SR119666.JPEG,악녀로 살라신다,ms_trg,1,0,1.0
SR102319.JPEG,떨림,cu_trg,17,0,1.0
SG178257.JPEG,전학생은 외계인,cu_trg,6,0,1.0
SR089671.JPEG,고삼무쌍,cu_trg,17,0,1.0
SR108653.JPEG,강도하 청춘 시리즈,ms_trg,5,0,1.0
SG171079.JPEG,야수,ms_trg,0,-1,0.0
SR122908.JPEG,붉은실 월하,ms_trg,19,-1,0.0
SG149001.JPEG,심술100단 시리즈,fs_trg,15,0,1.0
SR085137.JPEG,포근한 그 남자,ms_trg,18,0,0.9738039371455796
SG149052.JPEG,심술100단 시리즈,fs_trg,15,0,1.0
SR102135.JPEG,떨림,ms_trg,17,0,0.9980459678063306
SG171800.JPEG,야수,ms_trg,19,0,1.0
SR119298.JPEG,악녀로 살라신다,ms_trg,9,0,1.0
SR102202.JPEG,떨림,ms_trg,11,0,1.0
SR119309.JPEG,악녀로 살라신다,ms_trg,1,0,1.0
SR124784.JPEG,제자와 연인 사이,ms_trg,1,0,1.0
SR119345.JPEG,악녀로 살라신다,ms_trg,9,0,1.0
SR147058.JPEG,환생소녀,cu_trg,16,0,1.0
SR108925.JPEG,강도하 청춘 시리즈,ms_trg,10,0,1.0
SD092750.JPEG,마이 러블리 투투,ms_trg,10,0,0.9959271677040357
SR119255.JPEG,악녀로 살라신다,ms_trg,1,0,1.0
SR108606.JPEG,강도하 청춘 시리즈,ms_trg,5,0,1.0
SG148609.JPEG,심술100단 시리즈,ms_trg,15,0,0.9679067407043018
SD068675.JPEG,이현세 극화시리즈,cu_trg,19,0,1.0
SR081630.JPEG,청소하실 레옹?,ms_trg,4,0,1.0
SG149264.JPEG,심술100단 시리즈,fs_trg,15,-1,0.0
SG149067.JPEG,심술100단 시리즈,fs_trg,15,0,1.0
SR102017.JPEG,떨림,ms_trg,11,0,1.0
SR147042.JPEG,환생소녀,ms_trg,2,-1,0.0
SG117687.JPEG,어느날 절친이 남자가 되어버렸다,ms_trg,16,0,1.0
SR108723.JPEG,강도하 청춘 시리즈,ms_trg,10,0,1.0
SD129643.JPEG,편지창조,ms_trg,10,-1,0.0
SR122946.JPEG,붉은실 월하,cu_trg,19,0,1.0
SG148765.JPEG,심술100단 시리즈,fs_trg,15,0,1.0
SG117744.JPEG,어느날 절친이 남자가 되어버렸다,ms_trg,18,-1,0.0
SD072903.JPEG,상자 속 1/36,ms_trg,1,0,1.0
SR119359.JPEG,악녀로 살라신다,ms_trg,9,0,1.0
SG177979.JPEG,전학생은 외계인,cu_trg,6,0,1.0
SR102030.JPEG,떨림,ms_trg,17,0,1.0
SD068830.JPEG,이현세 극화시리즈,ls_trg,0,-1,0.0
SR115791.JPEG,엘리트 공주님의 수석지침서,ms_trg,9,0,1.0
SE084652.JPEG,다정종합병원,ms_trg,5,0,1.0
SR108825.JPEG,강도하 청춘 시리즈,ms_trg,5,0,0.9706309516008386
SR146966.JPEG,환생소녀,ms_trg,16,0,0.9937028473049871
SG112884.JPEG,사랑을 피하여,ls_trg,0,-1,0.0
SG171033.JPEG,야수,cu_trg,19,0,1.0
SG149335.JPEG,심술100단 시리즈,fs_trg,15,0,1.0
SR146835.JPEG,환생소녀,ms_trg,4,0,1.0
SR118122.JPEG,악녀에게 의리가 어디 있어,ms_trg,1,0,1.0
SG112923.JPEG,사랑을 피하여,ms_trg,14,-1,0.0
SR119506.JPEG,악녀로 살라신다,ms_trg,1,0,1.0
SD104726.JPEG,오세영 창작 극화 시리즈,ms_trg,2,-1,0.0
SD104995.JPEG,오세영 창작 극화 시리즈,fs_trg,2,-1,0.0
SD068486.JPEG,이현세 극화시리즈,ms_trg,13,-1,0.0
SG149124.JPEG,심술100단 시리즈,fs_trg,15,0,1.0
SG178158.JPEG,전학생은 외계인,ms_trg,2,-1,0.0
SD092238.JPEG,관계의 우로보로스,ms_trg,14,-1,0.0
SG171019.JPEG,야수,ms_trg,19,0,0.9876258737583054
SG171083.JPEG,야수,cu_trg,19,0,1.0
SR146710.JPEG,환생소녀,cu_trg,14,0,0.9927905009875708
SD068461.JPEG,이현세 극화시리즈,fs_trg,0,-1,0.0
SR102339.JPEG,떨림,ms_trg,17,0,1.0
SD105239.JPEG,오세영 창작 극화 시리즈,ms_trg,2,-1,0.0
SD092744.JPEG,마이 러블리 투투,ms_trg,1,0,1.0
SD082186.JPEG,몽홀,ms_trg,13,0,1.0
SG149362.JPEG,심술100단 시리즈,ms_trg,15,0,1.0
SG171655.JPEG,야수,cu_trg,19,0,1.0
SR101985.JPEG,떨림,cu_trg,11,0,1.0
SR108484.JPEG,강도하 청춘 시리즈,ms_trg,5,0,1.0
SR119268.JPEG,악녀로 살라신다,ms_trg,1,0,1.0
SG149009.JPEG,심술100단 시리즈,fs_trg,15,0,1.0
SG148741.JPEG,심술100단 시리즈,fs_trg,15,-1,0.0
SG117699.JPEG,어느날 절친이 남자가 되어버렸다,ms_trg,4,0,1.0
SR146906.JPEG,환생소녀,ms_trg,16,0,1.0
SR146939.JPEG,환생소녀,ms_trg,1,0,1.0
SR119295.JPEG,악녀로 살라신다,ms_trg,1,0,1.0
SD129153.JPEG,편지창조,cu_trg,17,0,0.9755983904578792
SR107288.JPEG,내 최애가 위험해,fs_trg,18,-1,0.0
SR146916.JPEG,환생소녀,ms_trg,16,0,1.0
SR119266.JPEG,악녀로 살라신다,ms_trg,9,0,1.0
SD094081.JPEG,빨간자전거(인터넷연재판),ms_trg,5,-1,0.0
SR108473.JPEG,강도하 청춘 시리즈,cu_trg,5,0,0.9828933526586541
SR108634.JPEG,강도하 청춘 시리즈,ms_trg,5,0,1.0
SG064466.JPEG,40억 vs 1,ms_trg,6,-1,0.0
SR124831.JPEG,제자와 연인 사이,ms_trg,18,0,1.0
SR119261.JPEG,악녀로 살라신다,cu_trg,1,0,1.0
SR102467.JPEG,떨림,ms_trg,11,0,1.0
SD092742.JPEG,마이 러블리 투투,ms_trg,4,0,1.0
SG064504.JPEG,40억 vs 1,fs_trg,18,-1,0.0
SG124046.JPEG,잉어님과 떡볶이,ms_trg,12,-1,0.0
SR119247.JPEG,악녀로 살라신다,ms_trg,9,0,1.0
SD068122.JPEG,임꺽정 (완전판),ms_trg,12,-1,0.0
SG178313.JPEG,전학생은 외계인,ms_trg,6,0,1.0
SG112597.JPEG,사랑을 피하여,ms_trg,7,0,1.0
SD104704.JPEG,오세영 창작 극화 시리즈,ms_trg,3,-1,0.0
SR123123.JPEG,붉은실 월하,cu_trg,16,0,1.0
SD134381.JPEG,만인지상,cu_trg,19,-1,0.0
SG148801.JPEG,심술100단 시리즈,ms_trg,15,-1,0.0
SR102490.JPEG,떨림,ms_trg,11,0,1.0
SR122852.JPEG,붉은실 월하,cu_trg,1,0,1.0
SE084929.JPEG,다정종합병원,ms_trg,4,0,1.0
SR107864.JPEG,신농사직설,ms_trg,18,-1,0.0
SG112899.JPEG,사랑을 피하여,ms_trg,14,0,0.9573408675643248
SG149126.JPEG,심술100단 시리즈,fs_trg,15,0,1.0
SG177983.JPEG,전학생은 외계인,cu_trg,6,0,1.0
SR107464.JPEG,내 최애가 위험해,cu_trg,16,0,1.0
SG178225.JPEG,전학생은 외계인,cu_trg,6,0,1.0
SG178266.JPEG,전학생은 외계인,ms_trg,6,0,1.0
SR108631.JPEG,강도하 청춘 시리즈,ms_trg,5,0,1.0
SR147191.JPEG,환생소녀,ms_trg,1,0,1.0
SD087304.JPEG,보이지 않는 사람,ms_trg,16,0,1.0
SR102422.JPEG,떨림,cu_trg,11,0,1.0
SR108970.JPEG,강도하 청춘 시리즈,ms_trg,5,-1,0.0
SR077972.JPEG,오빠야 누나야,ms_trg,16,0,1.0
SR077768.JPEG,오빠야 누나야,ms_trg,1,0,1.0
SR108892.JPEG,강도하 청춘 시리즈,ms_trg,2,-1,0.0
SG149075.JPEG,심술100단 시리즈,fs_trg,8,0,0.9837889251415373
SG064427.JPEG,40억 vs 1,ls_trg,0,-1,0.0
SR119397.JPEG,악녀로 살라신다,ms_trg,1,0,1.0
SG149171.JPEG,심술100단 시리즈,fs_trg,15,0,0.9999532146255931
SG148856.JPEG,심술100단 시리즈,fs_trg,15,0,1.0
SR102137.JPEG,떨림,ms_trg,17,0,1.0
SR118441.JPEG,악녀에게 의리가 어디 있어,ms_trg,18,0,1.0
SD068678.JPEG,이현세 극화시리즈,ms_trg,15,-1,0.0
SD082214.JPEG,몽홀,cu_trg,3,0,1.0
SR082066.JPEG,청소하실 레옹?,ms_trg,4,0,1.0
SG112515.JPEG,사랑을 피하여,ms_trg,7,0,1.0
SD129590.JPEG,편지창조,cu_trg,17,0,1.0
SG112807.JPEG,사랑을 피하여,ms_trg,7,0,1.0
SR085383.JPEG,포근한 그 남자,ms_trg,4,-1,0.0
SR081943.JPEG,청소하실 레옹?,cu_trg,4,0,1.0
SD068784.JPEG,이현세 극화시리즈,cu_trg,2,-1,0.0
SR081625.JPEG,청소하실 레옹?,ms_trg,16,0,1.0
SG177985.JPEG,전학생은 외계인,cu_trg,6,0,1.0
SD094190.JPEG,빨간자전거(인터넷연재판),ms_trg,5,-1,0.0
SG178379.JPEG,전학생은 외계인,ms_trg,6,0,1.0
SG178121.JPEG,전학생은 외계인,cu_trg,5,0,1.0
SR074030.JPEG,실신남녀,ms_trg,1,0,1.0
SR102053.JPEG,떨림,ms_trg,5,-1,0.0
SD127389.JPEG,너에게 하고 싶은 말,ms_trg,1,0,1.0
SR081960.JPEG,청소하실 레옹?,cu_trg,16,0,1.0
SR122769.JPEG,붉은실 월하,ms_trg,1,0,0.9675019531660934
SD113740.JPEG,레벨업닥터 최기석,ms_trg,4,-1,0.0
SR108032.JPEG,신농사직설,ls_trg,0,1,0.9899685458386509
SR077810.JPEG,오빠야 누나야,ms_trg,7,0,1.0
SR077925.JPEG,오빠야 누나야,cu_trg,1,0,1.0
SD094257.JPEG,빨간자전거(인터넷연재판),fs_trg,13,-1,0.0
SG112870.JPEG,사랑을 피하여,ms_trg,4,0,1.0
SD087309.JPEG,보이지 않는 사람,ms_trg,5,-1,0.0
SG117701.JPEG,어느날 절친이 남자가 되어버렸다,ms_trg,4,0,1.0
SR107937.JPEG,신농사직설,ls_trg,13,0,0.9556373626260536
SD072872.JPEG,상자 속 1/36,cu_trg,7,0,1.0
SR102234.JPEG,떨림,ms_trg,11,0,1.0
SG112502.JPEG,사랑을 피하여,ms_trg,7,0,1.0
SG112552.JPEG,사랑을 피하여,ls_trg,0,1,1.0
SR108493.JPEG,강도하 청춘 시리즈,ms_trg,5,0,1.0
SD113865.JPEG,레벨업닥터 최기석,ms_trg,4,0,1.0
SR122720.JPEG,붉은실 월하,cu_trg,16,0,1.0
SR107676.JPEG,내 최애가 위험해,fs_trg,13,-1,0.0
SD092465.JPEG,마이 러블리 투투,ms_trg,16,0,1.0
SR119455.JPEG,악녀로 살라신다,ms_trg,1,0,1.0
SR117462.JPEG,연화,ms_trg,5,-1,0.0
SG171750.JPEG,야수,ms_trg,17,0,1.0
SG171751.JPEG,야수,ms_trg,17,0,1.0
SD127344.JPEG,너에게 하고 싶은 말,ms_trg,7,0,1.0
SR077863.JPEG,오빠야 누나야,ms_trg,4,0,1.0
SG112696.JPEG,사랑을 피하여,ms_trg,14,-1,0.0
SR082059.JPEG,청소하실 레옹?,cu_trg,16,0,1.0
SD081139.JPEG,최면술사에겐 비밀보호 의무가 없다,cu_trg,4,0,1.0
SG112460.JPEG,사랑을 피하여,ms_trg,5,0,0.9578998014818435
SR147123.JPEG,환생소녀,ms_trg,4,0,1.0
SD129565.JPEG,편지창조,cu_trg,5,-1,0.0
SD105147.JPEG,오세영 창작 극화 시리즈,cu_trg,3,0,0.9954534884683623
SD068604.JPEG,이현세 극화시리즈,ls_trg,0,-1,0.0
SG149173.JPEG,심술100단 시리즈,fs_trg,15,-1,0.0
SR108762.JPEG,강도하 청춘 시리즈,ms_trg,10,-1,0.0
SG117679.JPEG,어느날 절친이 남자가 되어버렸다,ms_trg,9,0,1.0
SD068645.JPEG,이현세 극화시리즈,ms_trg,19,0,0.9927328309083356
SG149317.JPEG,심술100단 시리즈,fs_trg,15,0,1.0
SD127380.JPEG,너에게 하고 싶은 말,ms_trg,18,0,1.0
SR108624.JPEG,강도하 청춘 시리즈,ms_trg,5,0,1.0
SR119301.JPEG,악녀로 살라신다,ms_trg,9,0,1.0
SD092520.JPEG,마이 러블리 투투,ms_trg,1,0,1.0
SD075001.JPEG,우렁각시,ms_trg,18,-1,0.0
SR085121.JPEG,포근한 그 남자,ms_trg,18,0,1.0
SR101991.JPEG,떨림,cu_trg,17,0,1.0
SR085464.JPEG,포근한 그 남자,ms_trg,16,0,1.0
SR108514.JPEG,강도하 청춘 시리즈,ms_trg,5,0,1.0
SG149281.JPEG,심술100단 시리즈,fs_trg,15,0,1.0
SR118158.JPEG,악녀에게 의리가 어디 있어,ms_trg,9,0,1.0
SR102153.JPEG,떨림,ms_trg,11,0,1.0
SD068433.JPEG,임꺽정 (완전판),fs_trg,13,-1,0.0
SR077828.JPEG,오빠야 누나야,ms_trg,4,0,1.0
SR146753.JPEG,환생소녀,ms_trg,18,0,1.0
SR102380.JPEG,떨림,ms_trg,17,0,0.9626792429210932
SD092295.JPEG,관계의 우로보로스,ms_trg,7,0,1.0
SR073647.JPEG,실신남녀,ms_trg,4,0,1.0
SG064510.JPEG,40억 vs 1,cu_trg,14,0,1.0
SR102299.JPEG,떨림,ms_trg,11,0,1.0
SR085291.JPEG,포근한 그 남자,cu_trg,7,0,1.0
SD087200.JPEG,보이지 않는 사람,ms_trg,14,0,1.0
SE084786.JPEG,다정종합병원,ms_trg,16,0,1.0
SG112798.JPEG,사랑을 피하여,ms_trg,0,1,1.0
SR108677.JPEG,강도하 청춘 시리즈,ms_trg,10,-1,0.0
SG117730.JPEG,어느날 절친이 남자가 되어버렸다,ms_trg,18,-1,0.0
SD086918.JPEG,보이지 않는 사람,ms_trg,2,-1,0.0
SG177980.JPEG,전학생은 외계인,ms_trg,6,0,1.0
SR085605.JPEG,포근한 그 남자,cu_trg,1,0,1.0
SR107833.JPEG,신농사직설,ms_trg,14,-1,0.0
SD105033.JPEG,오세영 창작 극화 시리즈,ms_trg,2,-1,0.0
SR118146.JPEG,악녀에게 의리가 어디 있어,ms_trg,4,0,1.0
SG117758.JPEG,어느날 절친이 남자가 되어버렸다,fs_trg,1,0,1.0
SR118512.JPEG,악녀에게 의리가 어디 있어,ms_trg,9,-1,0.0
SR073652.JPEG,실신남녀,ms_trg,9,0,1.0
SR107280.JPEG,내 최애가 위험해,cu_trg,4,0,1.0
SR102179.JPEG,떨림,cu_trg,11,0,1.0
SD105028.JPEG,오세영 창작 극화 시리즈,ms_trg,2,-1,0.0
SR108826.JPEG,강도하 청춘 시리즈,ms_trg,5,-1,0.0
SR081941.JPEG,청소하실 레옹?,ms_trg,18,0,1.0
SR118096.JPEG,악녀에게 의리가 어디 있어,ms_trg,1,0,1.0
SR072176.JPEG,선비의 방,cu_trg,17,0,0.9697874753565541
SE084925.JPEG,다정종합병원,ms_trg,7,0,1.0
SG178232.JPEG,전학생은 외계인,cu_trg,6,0,1.0
SR102230.JPEG,떨림,cu_trg,11,0,1.0
SG117645.JPEG,어느날 절친이 남자가 되어버렸다,ms_trg,4,0,1.0
SE084909.JPEG,다정종합병원,ms_trg,14,0,1.0
SR119462.JPEG,악녀로 살라신다,ms_trg,13,0,0.9811047192371526
SR146845.JPEG,환생소녀,ms_trg,1,0,1.0
SG171907.JPEG,야수,cu_trg,19,0,1.0
SG064420.JPEG,40억 vs 1,ms_trg,10,0,0.9774730019354235
SG171535.JPEG,야수,ms_trg,2,0,0.9685732998783747
SE084690.JPEG,다정종합병원,cu_trg,5,0,1.0
SR119712.JPEG,악녀로 살라신다,ms_trg,9,0,1.0
SD127338.JPEG,너에게 하고 싶은 말,cu_trg,16,0,1.0
SG112643.JPEG,사랑을 피하여,cu_trg,7,0,1.0
SG112494.JPEG,사랑을 피하여,fs_trg,18,-1,0.0
SD068710.JPEG,이현세 극화시리즈,ls_trg,0,-1,0.0
SD127454.JPEG,너에게 하고 싶은 말,fs_trg,18,0,0.9644068478296011
SR124797.JPEG,제자와 연인 사이,ms_trg,16,0,1.0
SR085208.JPEG,포근한 그 남자,ms_trg,4,0,1.0
SR085237.JPEG,포근한 그 남자,ms_trg,14,0,1.0
SR119368.JPEG,악녀로 살라신다,ms_trg,1,0,1.0
SR119257.JPEG,악녀로 살라신다,cu_trg,1,0,1.0
SR108447.JPEG,강도하 청춘 시리즈,ms_trg,7,-1,0.0
SD105094.JPEG,오세영 창작 극화 시리즈,ms_trg,2,-1,0.0
SD114782.JPEG,여기사는 더 이상 검을 들지 않았다,ms_trg,9,0,1.0
SE084744.JPEG,다정종합병원,cu_trg,19,0,1.0
SG112448.JPEG,사랑을 피하여,ms_trg,13,-1,0.0
SR117207.JPEG,연화,ms_trg,18,-1,0.0
SR078021.JPEG,오빠야 누나야,cu_trg,4,0,1.0
SG177996.JPEG,전학생은 외계인,cu_trg,6,0,1.0
SR146701.JPEG,환생소녀,cu_trg,14,0,1.0
SR119709.JPEG,악녀로 살라신다,ms_trg,1,0,1.0
SR108589.JPEG,강도하 청춘 시리즈,ms_trg,5,-1,0.0
SG112547.JPEG,사랑을 피하여,ms_trg,14,-1,0.0
SR147070.JPEG,환생소녀,ms_trg,0,1,1.0
SR073998.JPEG,실신남녀,ms_trg,1,0,1.0
SG149211.JPEG,심술100단 시리즈,fs_trg,15,0,1.0
SR115776.JPEG,엘리트 공주님의 수석지침서,ms_trg,4,0,1.0
SE084826.JPEG,다정종합병원,ms_trg,14,0,1.0
SR102176.JPEG,떨림,cu_trg,17,0,1.0
SD113840.JPEG,레벨업닥터 최기석,ms_trg,4,0,1.0
SD092467.JPEG,마이 러블리 투투,ms_trg,4,0,1.0
SR118172.JPEG,악녀에게 의리가 어디 있어,ls_trg,13,-1,0.0
SG064264.JPEG,40억 vs 1,ms_trg,1,0,1.0
SR146972.JPEG,환생소녀,ms_trg,10,-1,0.0
SG149085.JPEG,심술100단 시리즈,fs_trg,15,0,1.0
SG149318.JPEG,심술100단 시리즈,fs_trg,15,0,1.0
SR108566.JPEG,강도하 청춘 시리즈,ms_trg,10,0,1.0
SG171598.JPEG,야수,ls_trg,0,-1,0.0
SE084674.JPEG,다정종합병원,cu_trg,5,0,1.0
SR108852.JPEG,강도하 청춘 시리즈,ms_trg,5,0,1.0
SR085403.JPEG,포근한 그 남자,ms_trg,18,0,1.0
SD129179.JPEG,편지창조,ms_trg,2,-1,0.0
SD092470.JPEG,마이 러블리 투투,ms_trg,4,0,1.0
SR108630.JPEG,강도하 청춘 시리즈,ms_trg,10,0,1.0
SR119378.JPEG,악녀로 살라신다,cu_trg,16,0,1.0
SR117361.JPEG,연화,ms_trg,14,0,0.9823811058893724
SR102448.JPEG,떨림,ms_trg,18,-1,0.0
SR122538.JPEG,베이비 드래곤,ms_trg,18,-1,0.0
SD080911.JPEG,최면술사에겐 비밀보호 의무가 없다,ms_trg,14,-1,0.0
SR108495.JPEG,강도하 청춘 시리즈,ms_trg,10,0,1.0
SR118282.JPEG,악녀에게 의리가 어디 있어,ms_trg,4,-1,0.0
SR085393.JPEG,포근한 그 남자,ms_trg,16,0,1.0
SG171643.JPEG,야수,ms_trg,5,0,1.0
SG178074.JPEG,전학생은 외계인,ms_trg,6,-1,0.0
SD092560.JPEG,마이 러블리 투투,ms_trg,4,0,1.0
SR085404.JPEG,포근한 그 남자,ms_trg,14,0,1.0
SD087311.JPEG,보이지 않는 사람,ms_trg,5,0,0.9655129750499944
SG064527.JPEG,40억 vs 1,fs_trg,18,-1,0.0
SG171145.JPEG,야수,fs_trg,2,-1,0.0
SG112617.JPEG,사랑을 피하여,ms_trg,0,1,0.9782042116196621
SR147073.JPEG,환생소녀,ms_trg,16,0,1.0
SD082471.JPEG,몽홀,cu_trg,3,-1,0.0
SG112564.JPEG,사랑을 피하여,ms_trg,7,0,1.0
SD092525.JPEG,마이 러블리 투투,ms_trg,4,0,1.0
SD105043.JPEG,오세영 창작 극화 시리즈,ms_trg,2,-1,0.0
SR108736.JPEG,강도하 청춘 시리즈,ms_trg,5,-1,0.0
SR081976.JPEG,청소하실 레옹?,cu_trg,14,0,0.9818334261922405
SR119521.JPEG,악녀로 살라신다,ms_trg,1,0,1.0
SR119718.JPEG,악녀로 살라신다,ms_trg,1,0,1.0
SR085449.JPEG,포근한 그 남자,ms_trg,1,0,1.0
SR119427.JPEG,악녀로 살라신다,ms_trg,9,0,1.0
SG170961.JPEG,야수,ms_trg,3,-1,0.0
SE084724.JPEG,다정종합병원,ms_trg,5,0,1.0
SG171570.JPEG,야수,cu_trg,19,0,1.0
SD082665.JPEG,몽홀,ms_trg,3,0,0.9823654636337772
SD086823.JPEG,보이지 않는 사람,ms_trg,0,-1,0.0
SR073873.JPEG,실신남녀,cu_trg,1,0,1.0
SG117756.JPEG,어느날 절친이 남자가 되어버렸다,ms_trg,16,0,1.0
SR119316.JPEG,악녀로 살라신다,ms_trg,9,0,1.0
SR108592.JPEG,강도하 청춘 시리즈,ms_trg,10,-1,0.0
SD104735.JPEG,오세영 창작 극화 시리즈,cu_trg,2,-1,0.0
SD127474.JPEG,너에게 하고 싶은 말,cu_trg,16,0,1.0
SD082681.JPEG,몽홀,ms_trg,3,0,1.0
SR123117.JPEG,붉은실 월하,ms_trg,18,0,1.0
SR120722.JPEG,회귀했더니 가문이 망했다,ms_trg,1,0,1.0
SR146777.JPEG,환생소녀,ms_trg,10,0,1.0
SD080707.JPEG,최면술사에겐 비밀보호 의무가 없다,ms_trg,14,0,1.0
SG112649.JPEG,사랑을 피하여,ms_trg,7,0,0.9968415937136552
SR108450.JPEG,강도하 청춘 시리즈,cu_trg,5,0,1.0
SR085568.JPEG,포근한 그 남자,ms_trg,9,0,1.0
SD068766.JPEG,이현세 극화시리즈,ms_trg,17,-1,0.0
SR123147.JPEG,붉은실 월하,ms_trg,9,0,1.0
SR147007.JPEG,환생소녀,ls_trg,0,-1,0.0
SG117815.JPEG,어느날 절친이 남자가 되어버렸다,ms_trg,16,0,1.0
SR107938.JPEG,신농사직설,ms_trg,14,0,0.9722004636831516
SD115067.JPEG,여기사는 더 이상 검을 들지 않았다,ms_trg,9,0,1.0
SD092737.JPEG,마이 러블리 투투,ms_trg,4,0,1.0
SG112437.JPEG,사랑을 피하여,ms_trg,5,-1,0.0
SD113567.JPEG,레벨업닥터 최기석,fs_trg,4,-1,0.0
SR108801.JPEG,강도하 청춘 시리즈,cu_trg,12,-1,0.0
SR073838.JPEG,실신남녀,ms_trg,14,0,1.0
SD105004.JPEG,오세영 창작 극화 시리즈,ms_trg,2,-1,0.0
SR077424.JPEG,오빠야 누나야,ms_trg,4,0,1.0
SR108637.JPEG,강도하 청춘 시리즈,ms_trg,5,0,1.0
SG117735.JPEG,어느날 절친이 남자가 되어버렸다,ms_trg,1,0,1.0
SD087105.JPEG,보이지 않는 사람,ms_trg,4,0,0.9959271677040357
SD113881.JPEG,레벨업닥터 최기석,ms_trg,4,0,1.0
SD092781.JPEG,마이 러블리 투투,ms_trg,4,0,1.0
SG064458.JPEG,40억 vs 1,ms_trg,10,0,1.0
SR177635.JPEG,선비의 방,cu_trg,5,0,0.979526827248202
SR089254.JPEG,고삼무쌍,ms_trg,19,-1,0.0
SR102008.JPEG,떨림,cu_trg,17,-1,0.0
SG178027.JPEG,전학생은 외계인,cu_trg,6,0,1.0
SD115079.JPEG,여기사는 더 이상 검을 들지 않았다,ms_trg,9,0,1.0
SG149324.JPEG,심술100단 시리즈,fs_trg,15,0,1.0
SG112480.JPEG,사랑을 피하여,cu_trg,7,0,1.0
SR117027.JPEG,연화,ms_trg,1,0,1.0
SR122746.JPEG,붉은실 월하,cu_trg,19,0,1.0
SD113948.JPEG,레벨업닥터 최기석,ms_trg,13,-1,0.0
SR089785.JPEG,고삼무쌍,cu_trg,4,0,1.0
SR089920.JPEG,고삼무쌍,cu_trg,5,-1,0.0
SR081620.JPEG,청소하실 레옹?,cu_trg,17,0,1.0
SG112776.JPEG,사랑을 피하여,ms_trg,0,1,0.9867242105386715
SD082754.JPEG,몽홀,cu_trg,3,0,1.0
SG178312.JPEG,전학생은 외계인,cu_trg,6,0,1.0
SG149348.JPEG,심술100단 시리즈,fs_trg,15,0,1.0
SR077698.JPEG,오빠야 누나야,ms_trg,4,0,1.0
SD068673.JPEG,이현세 극화시리즈,fs_trg,13,-1,0.0
SD068884.JPEG,이현세 극화시리즈,cu_trg,19,0,1.0
SR108519.JPEG,강도하 청춘 시리즈,ms_trg,10,0,1.0
SG178054.JPEG,전학생은 외계인,ms_trg,6,0,1.0
SR085399.JPEG,포근한 그 남자,ms_trg,5,0,1.0
SD127377.JPEG,너에게 하고 싶은 말,ms_trg,4,-1,0.0
SR085254.JPEG,포근한 그 남자,ms_trg,16,0,1.0
SG064260.JPEG,40억 vs 1,fs_trg,13,-1,0.0
SG148834.JPEG,심술100단 시리즈,fs_trg,15,0,1.0
SG112719.JPEG,사랑을 피하여,ms_trg,14,-1,0.0
SR122391.JPEG,베이비 드래곤,ms_trg,7,0,0.9571157282551904
SR115313.JPEG,엘리트 공주님의 수석지침서,ms_trg,12,-1,0.0
SD105039.JPEG,오세영 창작 극화 시리즈,cu_trg,3,0,1.0
SD068820.JPEG,이현세 극화시리즈,cu_trg,19,0,1.0
SR085429.JPEG,포근한 그 남자,cu_trg,14,0,1.0
SD104241.JPEG,오세영 창작 극화 시리즈,ms_trg,3,-1,0.0
SR077845.JPEG,오빠야 누나야,ms_trg,14,0,1.0
SR073926.JPEG,실신남녀,ms_trg,4,0,1.0
SD105012.JPEG,오세영 창작 극화 시리즈,ms_trg,2,-1,0.0
SE084867.JPEG,다정종합병원,ms_trg,16,0,1.0
SR074011.JPEG,실신남녀,cu_trg,1,0,1.0
SD129553.JPEG,편지창조,ms_trg,5,-1,0.0
SR107654.JPEG,내 최애가 위험해,ms_trg,12,-1,0.0
SD082168.JPEG,몽홀,ms_trg,3,0,1.0
SR108740.JPEG,강도하 청춘 시리즈,ms_trg,10,0,1.0
SR119697.JPEG,악녀로 살라신다,ms_trg,9,0,1.0
SD127492.JPEG,너에게 하고 싶은 말,ms_trg,14,0,1.0
SG178117.JPEG,전학생은 외계인,ms_trg,6,0,1.0
SR147078.JPEG,환생소녀,ms_trg,4,0,1.0
SR081965.JPEG,청소하실 레옹?,ms_trg,4,0,1.0
SR107751.JPEG,내 최애가 위험해,ms_trg,14,-1,0.0
SR102165.JPEG,떨림,ms_trg,11,0,1.0
SR146929.JPEG,환생소녀,ms_trg,16,0,1.0
SE084711.JPEG,다정종합병원,ms_trg,16,0,1.0
SD127716.JPEG,너에게 하고 싶은 말,ms_trg,14,0,0.9891281179431365
SD104729.JPEG,오세영 창작 극화 시리즈,ms_trg,2,-1,0.0
SG112604.JPEG,사랑을 피하여,ms_trg,7,0,1.0
SR118353.JPEG,악녀에게 의리가 어디 있어,ms_trg,9,0,1.0
SD092649.JPEG,마이 러블리 투투,ms_trg,4,0,1.0
SR123055.JPEG,붉은실 월하,ms_trg,16,0,1.0
SR108975.JPEG,강도하 청춘 시리즈,ms_trg,4,-1,0.0
SG112453.JPEG,사랑을 피하여,ms_trg,7,0,1.0
SR081925.JPEG,청소하실 레옹?,cu_trg,4,0,1.0
SD113727.JPEG,레벨업닥터 최기석,ms_trg,4,0,1.0
SR147012.JPEG,환생소녀,cu_trg,16,0,1.0
SG148988.JPEG,심술100단 시리즈,ms_trg,15,0,0.9892452232343207
SR146961.JPEG,환생소녀,ms_trg,1,-1,0.0
SR108907.JPEG,강도하 청춘 시리즈,ms_trg,10,-1,0.0
SG112887.JPEG,사랑을 피하여,ms_trg,14,-1,0.0
SR123155.JPEG,붉은실 월하,cu_trg,16,0,1.0
SG112779.JPEG,사랑을 피하여,ms_trg,0,1,0.9776056131565232
SR081981.JPEG,청소하실 레옹?,cu_trg,16,0,1.0
SG178293.JPEG,전학생은 외계인,cu_trg,6,0,1.0
SG064413.JPEG,40억 vs 1,cu_trg,16,0,1.0
SR077917.JPEG,오빠야 누나야,ms_trg,1,0,1.0
SG171270.JPEG,야수,ms_trg,10,-1,0.0
SR108894.JPEG,강도하 청춘 시리즈,ms_trg,2,-1,0.0
SR147157.JPEG,환생소녀,ms_trg,13,-1,0.0
SR146861.JPEG,환생소녀,ms_trg,1,0,1.0
SD092757.JPEG,마이 러블리 투투,ms_trg,16,0,1.0
SR119248.JPEG,악녀로 살라신다,ms_trg,9,0,1.0
SD072683.JPEG,상자 속 1/36,ms_trg,16,0,1.0
SG112661.JPEG,사랑을 피하여,ms_trg,7,0,1.0
SR077528.JPEG,오빠야 누나야,ms_trg,1,0,1.0
SR085538.JPEG,포근한 그 남자,ms_trg,16,0,1.0
SR147072.JPEG,환생소녀,ms_trg,16,0,1.0
SR147053.JPEG,환생소녀,cu_trg,16,0,1.0
SR108509.JPEG,강도하 청춘 시리즈,ms_trg,5,0,1.0
SR117399.JPEG,연화,fs_trg,13,-1,0.0
SR102302.JPEG,떨림,cu_trg,17,0,1.0
SR107784.JPEG,내 최애가 위험해,cu_trg,14,0,1.0
SR073847.JPEG,실신남녀,ms_trg,14,0,1.0
SG171608.JPEG,야수,cu_trg,19,0,0.9884517396414019
SR122829.JPEG,붉은실 월하,cu_trg,16,0,1.0
SR146930.JPEG,환생소녀,ms_trg,16,0,1.0
SR119338.JPEG,악녀로 살라신다,ms_trg,9,0,1.0
SR147030.JPEG,환생소녀,ms_trg,10,0,0.9950361909187089
SG178265.JPEG,전학생은 외계인,ms_trg,6,0,1.0
SG149246.JPEG,심술100단 시리즈,ms_trg,15,0,1.0
SR119704.JPEG,악녀로 살라신다,ms_trg,9,0,1.0
SR123165.JPEG,붉은실 월하,ms_trg,1,0,1.0
SR089217.JPEG,고삼무쌍,cu_trg,19,0,0.9798632064866714
SG117663.JPEG,어느날 절친이 남자가 되어버렸다,ms_trg,4,0,1.0
SR119478.JPEG,악녀로 살라신다,ms_trg,9,0,1.0
SR108584.JPEG,강도하 청춘 시리즈,cu_trg,10,0,1.0
SR118395.JPEG,악녀에게 의리가 어디 있어,ms_trg,16,0,1.0
SG149267.JPEG,심술100단 시리즈,fs_trg,15,0,0.9847586043655241
SG171930.JPEG,야수,cu_trg,19,0,1.0
SD115114.JPEG,여기사는 더 이상 검을 들지 않았다,ms_trg,9,0,1.0
SR108031.JPEG,신농사직설,ms_trg,4,0,1.0
SR118430.JPEG,악녀에게 의리가 어디 있어,ms_trg,9,0,1.0
SD068558.JPEG,이현세 극화시리즈,ms_trg,19,0,1.0
SG149398.JPEG,심술100단 시리즈,ms_trg,15,0,1.0
SR108488.JPEG,강도하 청춘 시리즈,ms_trg,5,0,0.9863037338202206
SD129551.JPEG,편지창조,ms_trg,5,-1,0.0
SR118269.JPEG,악녀에게 의리가 어디 있어,ms_trg,9,0,1.0
SR089564.JPEG,고삼무쌍,ms_trg,14,0,1.0
SR072263.JPEG,선비의 방,ms_trg,4,0,1.0
SE084788.JPEG,다정종합병원,cu_trg,5,0,0.9729226120371012
SG171119.JPEG,야수,cu_trg,17,0,1.0
SG149116.JPEG,심술100단 시리즈,fs_trg,15,0,1.0
SG112652.JPEG,사랑을 피하여,ms_trg,7,0,1.0
SR108988.JPEG,강도하 청춘 시리즈,cu_trg,7,0,1.0
SR077779.JPEG,오빠야 누나야,ms_trg,7,0,1.0
SD068885.JPEG,이현세 극화시리즈,cu_trg,3,0,0.9791787184668748
SR107575.JPEG,내 최애가 위험해,ms_trg,14,0,0.9907251323528407
SG124193.JPEG,잉어님과 떡볶이,ms_trg,13,-1,0.0
SR107910.JPEG,신농사직설,ls_trg,0,1,1.0
SD068734.JPEG,이현세 극화시리즈,ls_trg,0,-1,0.0
SD092286.JPEG,관계의 우로보로스,ms_trg,7,0,1.0
SD094118.JPEG,빨간자전거(인터넷연재판),fs_trg,13,-1,0.0
SG148769.JPEG,심술100단 시리즈,fs_trg,15,0,1.0
SR119726.JPEG,악녀로 살라신다,ms_trg,9,0,1.0
SG112702.JPEG,사랑을 피하여,ms_trg,14,0,1.0
SD068781.JPEG,이현세 극화시리즈,cu_trg,3,0,0.9894757674233695
SR108673.JPEG,강도하 청춘 시리즈,ms_trg,5,0,1.0
SG178215.JPEG,전학생은 외계인,cu_trg,6,0,1.0
SR147093.JPEG,환생소녀,ms_trg,16,-1,0.0
SR108927.JPEG,강도하 청춘 시리즈,ms_trg,10,-1,0.0
SR085214.JPEG,포근한 그 남자,ms_trg,14,0,1.0
SR146694.JPEG,환생소녀,ms_trg,14,0,1.0
SR108583.JPEG,강도하 청춘 시리즈,ms_trg,5,0,1.0
SR108803.JPEG,강도하 청춘 시리즈,ms_trg,13,-1,0.0
SD082550.JPEG,몽홀,ms_trg,3,0,1.0
SR085134.JPEG,포근한 그 남자,ms_trg,10,0,0.9852064640814787
SG171253.JPEG,야수,cu_trg,19,0,1.0
SG148531.JPEG,심술100단 시리즈,cu_trg,15,-1,0.0
SR107972.JPEG,신농사직설,ms_trg,4,0,1.0
SG112430.JPEG,사랑을 피하여,ms_trg,5,0,0.9774347527841871
SR123142.JPEG,붉은실 월하,ms_trg,14,-1,0.0
SR117325.JPEG,연화,ms_trg,2,-1,0.0
SD114839.JPEG,여기사는 더 이상 검을 들지 않았다,ms_trg,9,0,1.0
SD082556.JPEG,몽홀,cu_trg,3,0,0.9557908817578502
SD113891.JPEG,레벨업닥터 최기석,ms_trg,4,0,1.0
SD087014.JPEG,보이지 않는 사람,ms_trg,10,-1,0.0
SD104996.JPEG,오세영 창작 극화 시리즈,ms_trg,2,-1,0.0
SR119374.JPEG,악녀로 살라신다,ms_trg,9,0,0.9587298520820347
SR123153.JPEG,붉은실 월하,ms_trg,16,0,1.0
SR118393.JPEG,악녀에게 의리가 어디 있어,ms_trg,9,0,1.0
SR102023.JPEG,떨림,ms_trg,19,-1,0.0
SG171494.JPEG,야수,ms_trg,19,0,1.0
SR119727.JPEG,악녀로 살라신다,ms_trg,9,0,1.0
SR146868.JPEG,환생소녀,ms_trg,16,0,1.0
SR085435.JPEG,포근한 그 남자,ms_trg,4,-1,0.0
SR102152.JPEG,떨림,cu_trg,11,0,1.0
SG178110.JPEG,전학생은 외계인,cu_trg,6,0,1.0
SR081987.JPEG,청소하실 레옹?,ms_trg,4,0,1.0
SR119373.JPEG,악녀로 살라신다,cu_trg,16,0,1.0
SE084906.JPEG,다정종합병원,ms_trg,14,0,1.0
SD114947.JPEG,여기사는 더 이상 검을 들지 않았다,ms_trg,9,0,1.0
SR117243.JPEG,연화,ms_trg,18,0,0.9622630183040871
SR147143.JPEG,환생소녀,cu_trg,7,0,1.0
SR108992.JPEG,강도하 청춘 시리즈,ms_trg,5,0,0.960369950414367
SG170941.JPEG,야수,cu_trg,3,0,1.0
SR081967.JPEG,청소하실 레옹?,ms_trg,16,0,1.0
SR073587.JPEG,실신남녀,ms_trg,16,0,1.0
SR102390.JPEG,떨림,cu_trg,11,0,1.0
SR108692.JPEG,강도하 청춘 시리즈,ms_trg,5,0,1.0
SG149382.JPEG,심술100단 시리즈,fs_trg,15,0,0.9849194316337357
SG171706.JPEG,야수,ls_trg,0,-1,0.0
SD115205.JPEG,여기사는 더 이상 검을 들지 않았다,ms_trg,4,0,1.0
SR118488.JPEG,악녀에게 의리가 어디 있어,ms_trg,13,-1,0.0
SG178179.JPEG,전학생은 외계인,cu_trg,6,0,1.0
SR108911.JPEG,강도하 청춘 시리즈,ms_trg,10,0,1.0
SR108579.JPEG,강도하 청춘 시리즈,ms_trg,10,0,1.0
SR118482.JPEG,악녀에게 의리가 어디 있어,ms_trg,13,0,1.0
SD092531.JPEG,마이 러블리 투투,ms_trg,4,0,1.0
SR108522.JPEG,강도하 청춘 시리즈,ms_trg,10,0,1.0
SG112559.JPEG,사랑을 피하여,ms_trg,7,0,1.0
SR073892.JPEG,실신남녀,ms_trg,1,0,1.0
SG117994.JPEG,어느날 절친이 남자가 되어버렸다,ms_trg,1,0,1.0
SD082709.JPEG,몽홀,cu_trg,3,0,1.0
SR077963.JPEG,오빠야 누나야,ms_trg,4,0,1.0
SD082373.JPEG,몽홀,ms_trg,3,-1,0.0
SD134630.JPEG,만인지상,ms_trg,19,-1,0.0
SR113275.JPEG,상아,cu_trg,11,0,1.0
SG112885.JPEG,사랑을 피하여,ms_trg,14,-1,0.0
SR146927.JPEG,환생소녀,ms_trg,16,0,1.0
SR102143.JPEG,떨림,cu_trg,17,0,1.0
SR102185.JPEG,떨림,cu_trg,17,0,1.0
SD082208.JPEG,몽홀,ms_trg,3,0,1.0
SG149018.JPEG,심술100단 시리즈,fs_trg,15,0,1.0
SR146775.JPEG,환생소녀,ms_trg,16,0,1.0
SR102464.JPEG,떨림,ms_trg,4,-1,0.0
SR077457.JPEG,오빠야 누나야,cu_trg,7,0,1.0
SD115206.JPEG,여기사는 더 이상 검을 들지 않았다,ms_trg,18,0,1.0
SR108510.JPEG,강도하 청춘 시리즈,ms_trg,5,-1,0.0
SR102180.JPEG,떨림,ms_trg,11,-1,0.0
SR085415.JPEG,포근한 그 남자,ms_trg,18,0,1.0
SE084692.JPEG,다정종합병원,cu_trg,17,0,1.0
SR146716.JPEG,환생소녀,ls_trg,0,1,0.9877096945318472
SR123151.JPEG,붉은실 월하,ms_trg,9,0,1.0
SR102049.JPEG,떨림,cu_trg,11,0,1.0
SR107894.JPEG,신농사직설,ls_trg,0,1,1.0
SG117854.JPEG,어느날 절친이 남자가 되어버렸다,cu_trg,4,0,1.0
SR102000.JPEG,떨림,cu_trg,11,0,1.0
SR115331.JPEG,엘리트 공주님의 수석지침서,fs_trg,13,-1,0.0
SR122920.JPEG,붉은실 월하,cu_trg,16,0,1.0
SR085147.JPEG,포근한 그 남자,ms_trg,5,0,0.989401457969051
SR108541.JPEG,강도하 청춘 시리즈,ms_trg,10,0,0.989540258682953
SG178400.JPEG,전학생은 외계인,cu_trg,6,0,1.0
SR122932.JPEG,붉은실 월하,ms_trg,16,0,1.0
SG178139.JPEG,전학생은 외계인,ms_trg,5,0,0.9678150249832057
SR119324.JPEG,악녀로 살라신다,ms_trg,1,0,1.0
SR108340.JPEG,신농사직설,ms_trg,4,-1,0.0
SD127533.JPEG,너에게 하고 싶은 말,fs_trg,10,-1,0.0
SR077490.JPEG,오빠야 누나야,cu_trg,4,0,1.0
SR102233.JPEG,떨림,ms_trg,1,-1,0.0
SR073935.JPEG,실신남녀,ms_trg,1,0,0.9994649675593148
SD082745.JPEG,몽홀,ms_trg,3,0,1.0
SR108261.JPEG,신농사직설,ms_trg,1,0,1.0
SD105106.JPEG,오세영 창작 극화 시리즈,cu_trg,2,-1,0.0
SG171964.JPEG,야수,ms_trg,2,-1,0.0
SR123121.JPEG,붉은실 월하,ms_trg,16,0,1.0
SR077713.JPEG,오빠야 누나야,ms_trg,4,0,1.0
SG178079.JPEG,전학생은 외계인,cu_trg,6,0,0.9899232416557325
SR089626.JPEG,고삼무쌍,ms_trg,11,0,0.9969533248268707
SG112469.JPEG,사랑을 피하여,fs_trg,13,-1,0.0
SD114829.JPEG,여기사는 더 이상 검을 들지 않았다,ms_trg,9,0,1.0
SR146997.JPEG,환생소녀,ms_trg,16,0,1.0
SD127395.JPEG,너에게 하고 싶은 말,ms_trg,1,0,1.0
SR081955.JPEG,청소하실 레옹?,ms_trg,4,0,1.0
SR107772.JPEG,내 최애가 위험해,cu_trg,16,0,1.0
SG178090.JPEG,전학생은 외계인,ms_trg,6,0,1.0
SD082232.JPEG,몽홀,cu_trg,3,0,0.9828726922294464
SR123130.JPEG,붉은실 월하,ms_trg,9,0,1.0
SR102182.JPEG,떨림,cu_trg,17,0,1.0
SR117378.JPEG,연화,ms_trg,5,-1,0.0
SR073853.JPEG,실신남녀,cu_trg,16,0,1.0
SD104671.JPEG,오세영 창작 극화 시리즈,ms_trg,3,0,0.9591922808660901
SR108590.JPEG,강도하 청춘 시리즈,ms_trg,10,0,1.0
SR123178.JPEG,붉은실 월하,ms_trg,4,0,1.0
SG178309.JPEG,전학생은 외계인,cu_trg,6,0,1.0
SR146989.JPEG,환생소녀,ms_trg,10,0,1.0
SR102086.JPEG,떨림,ms_trg,14,-1,0.0
SR074093.JPEG,실신남녀,ms_trg,1,0,1.0
SD092594.JPEG,마이 러블리 투투,ms_trg,4,0,1.0
SG171594.JPEG,야수,ls_trg,0,-1,0.0
SG112673.JPEG,사랑을 피하여,ms_trg,7,0,1.0
SD086916.JPEG,보이지 않는 사람,ms_trg,5,0,1.0
SR119662.JPEG,악녀로 살라신다,ms_trg,9,0,1.0
SG112744.JPEG,사랑을 피하여,cu_trg,7,0,1.0
SR146739.JPEG,환생소녀,ms_trg,10,0,1.0
SD092537.JPEG,마이 러블리 투투,ms_trg,1,0,1.0
SR146787.JPEG,환생소녀,ls_trg,0,1,1.0
SR120654.JPEG,회귀했더니 가문이 망했다,ms_trg,18,0,1.0
SR123157.JPEG,붉은실 월하,cu_trg,16,0,1.0
SR146802.JPEG,환생소녀,fs_trg,1,0,1.0
SR118343.JPEG,악녀에게 의리가 어디 있어,ms_trg,9,0,1.0
SR089469.JPEG,고삼무쌍,ms_trg,2,-1,0.0
SR089354.JPEG,고삼무쌍,ms_trg,19,0,0.9883658856786749
SR073632.JPEG,실신남녀,ms_trg,1,0,1.0
SR102229.JPEG,떨림,ms_trg,11,0,1.0
SD094119.JPEG,빨간자전거(인터넷연재판),ms_trg,13,-1,0.0
SR102226.JPEG,떨림,ms_trg,14,0,1.0
SR123050.JPEG,붉은실 월하,cu_trg,16,0,1.0
SR085601.JPEG,포근한 그 남자,cu_trg,1,0,1.0
SG171331.JPEG,야수,ms_trg,19,0,1.0
SD072923.JPEG,상자 속 1/36,ms_trg,10,0,1.0
SR108326.JPEG,신농사직설,cu_trg,7,0,1.0
SG171811.JPEG,야수,ls_trg,0,-1,0.0
SD134621.JPEG,만인지상,cu_trg,19,0,1.0
SR122815.JPEG,붉은실 월하,cu_trg,16,0,1.0
SR123057.JPEG,붉은실 월하,cu_trg,16,0,1.0
SR102281.JPEG,떨림,cu_trg,11,0,1.0
SR108459.JPEG,강도하 청춘 시리즈,ms_trg,10,-1,0.0
SD129566.JPEG,편지창조,cu_trg,5,0,0.9850882735530238
SG117583.JPEG,어느날 절친이 남자가 되어버렸다,ms_trg,1,0,1.0
SR119258.JPEG,악녀로 살라신다,cu_trg,9,0,1.0
SD072494.JPEG,상자 속 1/36,ms_trg,18,0,1.0
SR108485.JPEG,강도하 청춘 시리즈,ms_trg,14,-1,0.0
SR081932.JPEG,청소하실 레옹?,cu_trg,11,0,1.0
SR115570.JPEG,엘리트 공주님의 수석지침서,ls_trg,13,-1,0.0
SR123131.JPEG,붉은실 월하,cu_trg,16,0,1.0
SD127381.JPEG,너에게 하고 싶은 말,ms_trg,1,0,1.0
SR108741.JPEG,강도하 청춘 시리즈,ms_trg,5,0,1.0
SG178142.JPEG,전학생은 외계인,cu_trg,5,-1,0.0
SR119695.JPEG,악녀로 살라신다,ms_trg,9,0,1.0
SR089554.JPEG,고삼무쌍,cu_trg,14,0,1.0
SR102193.JPEG,떨림,ms_trg,11,0,1.0
SR073769.JPEG,실신남녀,ms_trg,1,0,1.0
SR082021.JPEG,청소하실 레옹?,cu_trg,4,0,1.0
SD068500.JPEG,이현세 극화시리즈,ms_trg,3,0,0.9811428791257422
SR108789.JPEG,강도하 청춘 시리즈,ms_trg,2,-1,0.0
SG171451.JPEG,야수,cu_trg,19,0,1.0
SR108799.JPEG,강도하 청춘 시리즈,ms_trg,12,-1,0.0
SR117274.JPEG,연화,fs_trg,10,-1,0.0
SR146729.JPEG,환생소녀,ms_trg,14,0,1.0
SD068767.JPEG,이현세 극화시리즈,ms_trg,19,0,1.0
SD105090.JPEG,오세영 창작 극화 시리즈,fs_trg,13,-1,0.0
SR077767.JPEG,오빠야 누나야,ms_trg,1,0,1.0
SG178042.JPEG,전학생은 외계인,ms_trg,6,0,1.0
SR073871.JPEG,실신남녀,ls_trg,0,1,1.0
SR085380.JPEG,포근한 그 남자,ms_trg,18,0,0.9841706258429634
SD127290.JPEG,너에게 하고 싶은 말,ms_trg,18,-1,0.0
SD072840.JPEG,상자 속 1/36,ms_trg,1,0,1.0
SR073874.JPEG,실신남녀,ms_trg,1,0,1.0
SR119739.JPEG,악녀로 살라신다,ms_trg,9,0,1.0
SG149376.JPEG,심술100단 시리즈,fs_trg,15,-1,0.0
SD105111.JPEG,오세영 창작 극화 시리즈,cu_trg,2,-1,0.0
SR108608.JPEG,강도하 청춘 시리즈,ms_trg,10,-1,0.0
SD094498.JPEG,빨간자전거(인터넷연재판),ms_trg,2,-1,0.0
SR107812.JPEG,신농사직설,ms_trg,9,0,0.9997732177520353
SR113197.JPEG,상아,cu_trg,7,0,1.0
SR077970.JPEG,오빠야 누나야,cu_trg,16,0,1.0
SR077560.JPEG,오빠야 누나야,ms_trg,4,0,1.0
SG178284.JPEG,전학생은 외계인,cu_trg,6,0,1.0
SR077950.JPEG,오빠야 누나야,ms_trg,4,0,1.0
SR102372.JPEG,떨림,cu_trg,17,0,1.0
SD068803.JPEG,이현세 극화시리즈,cu_trg,3,0,0.968909333798091
SG178067.JPEG,전학생은 외계인,fs_trg,6,0,0.9596361875906546
SE084814.JPEG,다정종합병원,ms_trg,16,0,1.0
SR108544.JPEG,강도하 청춘 시리즈,ms_trg,10,0,1.0
SR119585.JPEG,악녀로 살라신다,ms_trg,9,0,1.0
SG064302.JPEG,40억 vs 1,cu_trg,6,-1,0.0
SD091826.JPEG,관계의 우로보로스,ms_trg,16,0,1.0
SG171474.JPEG,야수,cu_trg,19,0,1.0
SG124050.JPEG,잉어님과 떡볶이,cu_trg,10,-1,0.0
SG112608.JPEG,사랑을 피하여,cu_trg,7,0,1.0
SG112619.JPEG,사랑을 피하여,ms_trg,16,0,1.0
SR107413.JPEG,내 최애가 위험해,ms_trg,4,0,1.0
SG178086.JPEG,전학생은 외계인,cu_trg,6,0,1.0
SR123145.JPEG,붉은실 월하,ms_trg,16,0,1.0
SD087113.JPEG,보이지 않는 사람,ms_trg,13,-1,0.0
SG112803.JPEG,사랑을 피하여,cu_trg,7,0,1.0
SD114805.JPEG,여기사는 더 이상 검을 들지 않았다,ms_trg,1,0,1.0
SR108973.JPEG,강도하 청춘 시리즈,ms_trg,3,0,0.9666256386373714
SR120644.JPEG,회귀했더니 가문이 망했다,cu_trg,10,0,1.0
SR123126.JPEG,붉은실 월하,ms_trg,5,-1,0.0
SR085260.JPEG,포근한 그 남자,cu_trg,16,0,1.0
SE084648.JPEG,다정종합병원,ms_trg,5,0,0.9836068212481692
SG064536.JPEG,40억 vs 1,ms_trg,18,0,0.9952479693329915
SR119459.JPEG,악녀로 살라신다,ms_trg,14,0,0.9869985407406806
SR146926.JPEG,환생소녀,ms_trg,14,0,1.0
SD082608.JPEG,몽홀,ms_trg,3,0,1.0
SR124459.JPEG,제자와 연인 사이,ms_trg,1,0,1.0
SR102198.JPEG,떨림,ms_trg,4,0,1.0
SD092640.JPEG,마이 러블리 투투,ms_trg,4,0,1.0
SD092449.JPEG,마이 러블리 투투,ms_trg,14,0,1.0
SG178075.JPEG,전학생은 외계인,cu_trg,6,0,1.0
SG171386.JPEG,야수,cu_trg,17,0,1.0
SR108897.JPEG,강도하 청춘 시리즈,ms_trg,10,0,0.9642617915532895
SR108976.JPEG,강도하 청춘 시리즈,ms_trg,5,0,0.9620920686018187
SD068509.JPEG,이현세 극화시리즈,ms_trg,2,-1,0.0
SD072542.JPEG,상자 속 1/36,ms_trg,16,0,1.0
SD092514.JPEG,마이 러블리 투투,ms_trg,4,0,1.0
SD082209.JPEG,몽홀,cu_trg,3,0,0.9745156201142696
SR089826.JPEG,고삼무쌍,cu_trg,19,0,0.9917810600830421
SR147054.JPEG,환생소녀,ms_trg,14,0,1.0
SE084787.JPEG,다정종합병원,cu_trg,5,0,1.0
SR108549.JPEG,강도하 청춘 시리즈,ms_trg,10,0,0.9959828828687611
SR089971.JPEG,고삼무쌍,ms_trg,14,-1,0.0
SD068816.JPEG,이현세 극화시리즈,ls_trg,0,1,0.9362313880381296
SE085061.JPEG,다정종합병원,ms_trg,5,-1,0.0
SG149361.JPEG,심술100단 시리즈,fs_trg,15,0,0.9821564827124829
SR119736.JPEG,악녀로 살라신다,ms_trg,9,0,1.0
SR102329.JPEG,떨림,ms_trg,17,0,1.0
SE084757.JPEG,다정종합병원,ms_trg,12,-1,0.0
SD115099.JPEG,여기사는 더 이상 검을 들지 않았다,fs_trg,18,0,1.0
SR077988.JPEG,오빠야 누나야,cu_trg,7,0,1.0
SR123136.JPEG,붉은실 월하,ms_trg,18,0,1.0
SR102501.JPEG,떨림,cu_trg,11,0,1.0
SG171549.JPEG,야수,ms_trg,19,-1,0.0
SR085612.JPEG,포근한 그 남자,ms_trg,1,0,1.0
SG117866.JPEG,어느날 절친이 남자가 되어버렸다,ms_trg,16,0,1.0
SG112454.JPEG,사랑을 피하여,ms_trg,7,0,1.0
SR102475.JPEG,떨림,ms_trg,17,0,1.0
SR119647.JPEG,악녀로 살라신다,ms_trg,1,0,1.0
SD127315.JPEG,너에게 하고 싶은 말,ms_trg,16,0,1.0
SD115233.JPEG,여기사는 더 이상 검을 들지 않았다,ms_trg,18,0,1.0
SR107540.JPEG,내 최애가 위험해,fs_trg,2,-1,0.0
SR147178.JPEG,환생소녀,ms_trg,4,0,1.0
SR115718.JPEG,엘리트 공주님의 수석지침서,ms_trg,1,0,1.0
SR122965.JPEG,붉은실 월하,ms_trg,16,0,1.0
SG112880.JPEG,사랑을 피하여,ms_trg,7,0,1.0
SR085607.JPEG,포근한 그 남자,cu_trg,1,0,1.0
SD115121.JPEG,여기사는 더 이상 검을 들지 않았다,ms_trg,18,0,1.0
SR102082.JPEG,떨림,ms_trg,14,-1,0.0
SR073731.JPEG,실신남녀,ms_trg,14,0,1.0
SR073987.JPEG,실신남녀,ms_trg,1,0,1.0
SR089881.JPEG,고삼무쌍,ms_trg,3,-1,0.0
SG178436.JPEG,전학생은 외계인,cu_trg,6,0,0.9980327058997586
